MedInc,HouseAge,AveRooms,AveBedrms,Population,AveOccup,Latitude,Longitude,OceanProximity,MedianHouseValue
4.514,47.7,4.59,0.92,626.0,2.92,35.492,-114.99,<1H OCEAN,288.6
2.547,46.7,2.84,0.49,814.0,3.19,40.107,-116.193,<1H OCEAN,168.9
2.317,51.2,2.57,0.57,806.0,3.13,41.481,-122.832,NEAR BAY,168.7
6.903,21.5,7.81,1.56,1148.0,3.52,39.606,-116.824,<1H OCEAN,304.4
6.072,42.7,7.24,1.26,1253.0,3.42,34.152,-116.154,INLAND,288.0
0.901,22.2,2.0,0.54,542.0,3.74,36.218,-115.521,<1H OCEAN,116.2
3.695,24.2,4.95,1.03,2093.0,3.18,39.714,-115.052,NEAR BAY,214.5
8.61,43.3,9.31,1.82,1023.0,3.25,41.116,-119.208,<1H OCEAN,422.1
1.513,10.0,2.0,0.37,208.0,3.0,41.987,-117.749,<1H OCEAN,96.9
1.368,12.2,2.0,0.28,1274.0,3.84,37.36,-124.204,<1H OCEAN,121.2
2.067,17.1,2.0,0.39,2120.0,4.47,40.314,-118.572,NEAR OCEAN,153.5
2.443,41.2,2.55,0.58,546.0,3.6,32.943,-119.568,<1H OCEAN,196.2
1.024,20.0,2.4,0.65,246.0,3.4,35.215,-114.677,NEAR OCEAN,158.6
1.526,19.3,2.0,0.39,2175.0,2.83,36.029,-115.283,INLAND,99.8
0.957,51.9,2.0,0.4,4690.0,3.19,41.767,-116.324,<1H OCEAN,130.8
3.623,20.6,3.49,0.82,296.0,2.68,32.532,-123.73,<1H OCEAN,201.0
3.579,13.6,4.63,0.81,3537.0,2.51,35.426,-120.28,NEAR OCEAN,252.7
6.938,32.8,8.12,1.64,734.0,2.84,41.339,-117.34,<1H OCEAN,369.4
3.8,41.9,4.69,0.86,3605.0,4.43,35.413,-124.003,NEAR OCEAN,252.3
4.507,4.5,5.67,1.15,1456.0,2.93,34.638,-121.942,<1H OCEAN,232.5
4.787,32.6,5.47,1.19,2851.0,4.3,39.436,-115.425,INLAND,222.8
1.698,2.8,2.27,0.29,2049.0,2.22,39.581,-123.002,INLAND,79.8
1.56,27.8,2.0,0.51,234.0,3.11,36.986,-123.786,INLAND,77.6
1.402,14.1,2.0,0.44,281.0,3.58,41.496,-118.494,<1H OCEAN,130.0
2.438,16.6,3.17,0.65,1095.0,3.62,34.426,-114.835,NEAR OCEAN,181.6
2.31,24.8,2.49,0.63,367.0,2.13,41.177,-115.954,NEAR OCEAN,242.6
3.342,48.3,3.51,0.62,942.0,2.03,39.677,-114.552,INLAND,159.8
5.003,37.2,5.76,1.02,3911.0,3.5,35.998,-116.765,INLAND,238.1
4.502,48.8,5.93,1.08,619.0,2.56,40.166,-119.926,INLAND,208.1
2.297,34.7,3.21,0.7,1005.0,3.51,33.765,-114.834,NEAR BAY,171.6
2.04,1.4,2.81,0.51,782.0,4.15,33.744,-120.034,NEAR BAY,111.1
2.209,14.5,3.4,0.59,1393.0,2.48,41.334,-120.799,<1H OCEAN,171.5
2.399,47.2,2.88,0.48,459.0,2.58,33.4,-119.818,<1H OCEAN,167.4
1.153,33.8,2.0,0.42,561.0,1.38,32.539,-116.16,NEAR BAY,124.8
3.831,51.1,3.6,0.72,2549.0,3.64,36.196,-115.123,<1H OCEAN,242.8
8.637,9.0,9.91,1.84,2201.0,4.7,33.487,-120.723,NEAR BAY,388.6
3.235,16.1,4.14,0.69,2068.0,2.0,40.699,-119.678,INLAND,91.4
3.324,19.5,4.42,0.83,1968.0,4.0,41.266,-115.317,<1H OCEAN,219.7
4.163,17.7,4.35,0.96,938.0,4.07,37.083,-123.83,<1H OCEAN,233.5
1.498,13.9,2.0,0.36,1766.0,3.63,36.542,-116.461,INLAND,36.2
2.082,23.6,3.58,0.57,788.0,2.52,37.621,-119.758,NEAR OCEAN,153.9
2.227,33.8,2.63,0.52,327.0,2.81,34.649,-120.535,<1H OCEAN,159.6
1.451,16.9,2.46,0.5,800.0,3.44,35.331,-119.831,<1H OCEAN,119.9
7.639,5.1,9.34,1.72,407.0,3.42,33.459,-120.113,NEAR BAY,355.3
4.92,37.1,6.19,1.12,795.0,2.8,36.741,-116.734,<1H OCEAN,305.4
5.126,24.4,5.7,1.21,624.0,3.37,38.311,-115.021,INLAND,191.2
2.583,29.4,2.29,0.34,1297.0,2.71,41.337,-119.385,INLAND,131.1
3.484,24.2,4.54,0.99,738.0,2.91,39.521,-115.973,<1H OCEAN,221.7
2.445,46.4,3.09,0.46,1667.0,2.84,39.369,-116.981,<1H OCEAN,197.4
2.79,29.5,3.38,0.52,1061.0,3.88,35.426,-120.993,<1H OCEAN,203.1
3.335,48.1,3.34,0.67,3223.0,1.86,40.939,-118.427,<1H OCEAN,224.2
2.893,27.0,3.29,0.58,315.0,3.52,41.496,-117.632,INLAND,142.3
3.31,15.9,3.66,0.68,1597.0,3.29,41.356,-124.065,INLAND,138.5
1.051,19.1,2.0,0.42,1539.0,1.18,32.869,-120.34,INLAND,27.1
1.519,27.6,2.0,0.34,3810.0,3.7,38.241,-114.374,INLAND,89.4
2.439,28.0,3.28,0.56,757.0,3.8,38.611,-117.927,<1H OCEAN,161.9
2.711,36.1,3.4,0.73,637.0,2.68,35.303,-120.958,<1H OCEAN,172.4
2.711,12.4,3.35,0.69,427.0,3.39,41.928,-121.8,<1H OCEAN,175.8
4.423,34.6,5.36,1.08,570.0,3.21,35.266,-122.205,<1H OCEAN,263.8
3.707,40.7,4.36,0.87,1036.0,4.79,34.558,-120.284,NEAR BAY,216.7
4.041,35.5,4.43,0.81,2382.0,3.4,37.099,-122.367,<1H OCEAN,245.0
2.204,25.6,2.67,0.43,601.0,3.08,35.57,-122.948,<1H OCEAN,157.0
1.687,51.6,2.4,0.45,406.0,3.88,41.278,-120.659,INLAND,112.5
2.852,21.6,3.36,0.59,581.0,4.29,36.681,-118.23,INLAND,156.5
4.721,6.4,5.2,1.04,328.0,4.66,36.396,-122.836,NEAR BAY,252.8
7.457,42.9,8.35,1.63,3336.0,2.52,38.446,-123.857,<1H OCEAN,390.0
2.247,11.8,2.22,0.45,2673.0,3.34,33.271,-123.954,<1H OCEAN,131.6
7.447,37.4,8.36,1.66,643.0,2.5,39.689,-121.626,<1H OCEAN,362.9
1.566,10.1,3.33,0.84,540.0,4.86,39.8,-122.399,<1H OCEAN,130.4
1.118,1.9,2.0,0.26,3030.0,3.04,37.003,-118.907,INLAND,14.9
2.661,9.1,3.17,0.62,202.0,3.77,41.579,-119.743,NEAR BAY,156.6
1.692,20.2,2.0,0.29,1301.0,2.87,38.004,-121.052,INLAND,68.6
2.027,6.4,3.14,0.58,3172.0,3.4,39.105,-115.965,<1H OCEAN,133.4
5.394,11.1,6.69,1.26,1052.0,1.56,41.281,-119.251,<1H OCEAN,270.3
5.103,40.0,6.34,1.33,204.0,3.83,38.83,-123.385,NEAR BAY,288.7
3.713,40.3,4.54,0.76,496.0,4.04,36.602,-121.342,INLAND,190.0
3.542,42.7,4.39,0.96,3268.0,2.53,32.735,-114.567,NEAR BAY,245.1
2.006,43.9,2.57,0.57,221.0,1.55,39.419,-114.53,INLAND,136.2
2.876,22.4,3.14,0.83,803.0,4.19,41.666,-121.753,ISLAND,178.2
2.587,45.2,2.65,0.71,2071.0,4.08,36.967,-122.628,NEAR OCEAN,217.9
1.302,27.8,2.0,0.32,2385.0,3.63,35.728,-119.343,<1H OCEAN,108.6
8.197,25.0,9.57,2.04,979.0,2.85,37.433,-119.485,INLAND,341.4
2.631,37.6,3.25,0.62,518.0,2.78,39.42,-120.199,INLAND,115.6
1.603,11.9,2.0,0.43,1299.0,4.07,32.507,-119.006,<1H OCEAN,133.0
1.212,41.3,2.0,0.57,567.0,2.74,40.929,-121.978,<1H OCEAN,152.0
4.189,22.9,4.39,0.8,554.0,3.13,40.92,-123.151,<1H OCEAN,205.4
7.805,7.5,9.33,1.87,2178.0,3.0,37.642,-118.595,<1H OCEAN,368.4
9.225,7.1,10.26,1.86,401.0,3.26,33.663,-114.974,<1H OCEAN,455.8
2.99,9.4,4.56,1.0,207.0,2.91,38.882,-122.923,INLAND,97.5
2.632,46.4,4.13,1.04,693.0,3.01,33.81,-117.252,NEAR BAY,222.0
3.363,51.5,4.48,0.95,1010.0,4.43,37.322,-119.921,INLAND,158.6
3.318,19.2,3.8,0.9,1665.0,3.42,33.389,-121.36,<1H OCEAN,186.0
0.799,15.9,2.0,0.51,2023.0,3.31,38.096,-115.769,<1H OCEAN,107.0
2.434,12.2,3.07,0.54,1507.0,3.66,35.522,-119.735,<1H OCEAN,167.3
3.85,43.0,4.92,1.02,1382.0,2.1,40.394,-118.467,INLAND,186.3
4.313,11.7,5.32,1.11,1515.0,3.81,40.099,-119.869,NEAR OCEAN,256.6
4.499,48.1,4.74,0.83,580.0,3.24,41.986,-123.488,<1H OCEAN,243.6
3.29,35.0,3.85,0.92,778.0,2.51,34.946,-118.351,INLAND,158.1
1.555,46.8,2.13,0.38,1350.0,2.92,33.087,-120.112,INLAND,95.3
2.943,29.3,2.35,0.45,281.0,3.43,36.709,-123.432,<1H OCEAN,175.3
6.34,36.2,7.06,1.38,620.0,3.07,33.292,-118.342,<1H OCEAN,327.5
4.016,32.6,5.08,1.02,826.0,3.87,34.196,-124.201,INLAND,191.8
2.7,43.4,3.08,0.91,1115.0,2.4,38.174,-122.215,INLAND,164.1
9.699,43.6,11.48,2.24,1000.0,2.1,38.125,-116.489,<1H OCEAN,476.8
3.394,31.1,4.63,0.77,1720.0,2.39,32.912,-123.921,<1H OCEAN,207.1
2.915,33.3,3.47,0.71,970.0,2.67,36.708,-117.833,INLAND,126.7
4.724,48.0,5.43,1.0,3014.0,3.11,37.537,-114.803,<1H OCEAN,262.5
1.451,48.4,2.0,0.36,774.0,2.73,35.046,-122.588,NEAR OCEAN,191.1
2.629,34.9,3.02,0.67,1094.0,2.05,40.784,-120.129,<1H OCEAN,188.5
2.956,1.4,3.13,0.52,204.0,1.92,34.03,-118.545,<1H OCEAN,164.9
1.0,6.3,2.0,0.36,646.0,1.98,34.912,-119.796,<1H OCEAN,113.2
3.583,44.8,3.73,0.78,2617.0,2.77,33.991,-118.096,NEAR BAY,230.3
4.301,5.3,4.99,0.92,687.0,2.35,33.607,-120.259,NEAR OCEAN,256.6
2.287,11.9,2.49,0.49,550.0,2.69,40.85,-122.815,NEAR OCEAN,177.9
4.86,12.8,5.95,1.22,1141.0,4.06,35.14,-123.41,INLAND,190.2
5.81,31.6,7.73,1.53,298.0,2.06,39.364,-116.856,NEAR OCEAN,357.3
6.221,30.4,7.6,1.53,1110.0,3.24,36.566,-121.914,NEAR OCEAN,350.7
1.59,15.8,2.0,0.44,634.0,2.05,38.541,-115.825,<1H OCEAN,128.3
3.502,11.6,4.32,0.8,780.0,1.93,41.318,-116.87,ISLAND,182.4
4.569,40.0,5.05,0.86,2081.0,3.3,40.524,-123.805,NEAR OCEAN,301.4
3.495,48.7,4.55,0.81,1502.0,3.54,33.155,-122.288,NEAR BAY,227.7
5.579,3.7,6.9,1.26,909.0,3.63,40.529,-121.38,NEAR OCEAN,363.4
3.667,7.8,4.38,1.0,1234.0,3.89,36.792,-118.355,NEAR OCEAN,216.8
1.556,33.8,2.04,0.24,1947.0,2.86,35.826,-116.202,NEAR BAY,155.4
5.636,42.0,6.93,1.45,1843.0,3.22,38.888,-123.697,<1H OCEAN,293.7
3.431,41.4,4.28,0.79,446.0,2.69,41.527,-121.804,NEAR OCEAN,287.3
7.587,37.7,9.6,2.02,630.0,4.03,33.394,-120.538,<1H OCEAN,369.7
1.562,46.3,2.0,0.36,714.0,2.27,39.797,-122.466,INLAND,120.2
3.468,12.1,4.82,0.97,449.0,3.4,34.433,-118.847,NEAR OCEAN,242.8
7.271,6.5,7.92,1.64,215.0,2.15,36.111,-119.52,INLAND,269.4
3.715,32.4,4.79,1.08,429.0,3.09,40.801,-121.135,NEAR OCEAN,268.5
5.024,42.9,6.11,1.17,2182.0,1.71,37.685,-119.131,<1H OCEAN,295.6
5.929,30.7,6.63,1.27,1147.0,3.18,33.141,-120.742,INLAND,273.5
3.346,50.1,4.53,0.96,702.0,4.58,37.326,-120.868,<1H OCEAN,219.2
1.896,41.6,2.0,0.24,1325.0,2.55,40.002,-121.646,<1H OCEAN,211.0
5.391,36.7,7.28,1.28,1816.0,2.81,37.524,-118.896,INLAND,284.0
2.982,4.1,4.71,0.98,725.0,3.69,34.085,-119.859,INLAND,129.3
0.761,6.5,2.0,0.47,953.0,3.04,36.728,-122.337,<1H OCEAN,59.3
6.523,41.0,7.31,1.5,280.0,3.98,41.281,-124.17,<1H OCEAN,323.7
8.121,11.1,9.46,1.88,1291.0,3.31,38.753,-122.791,<1H OCEAN,378.3
2.219,2.5,3.15,0.58,729.0,3.7,39.434,-123.872,INLAND,88.8
3.258,47.4,3.75,0.91,882.0,1.42,39.966,-119.984,INLAND,151.8
8.507,46.4,8.74,1.92,859.0,3.07,33.362,-122.049,<1H OCEAN,416.6
7.354,12.1,9.02,1.81,1401.0,2.11,38.025,-120.095,INLAND,264.1
4.577,40.8,5.94,1.12,1220.0,2.68,36.071,-121.006,<1H OCEAN,222.5
6.963,3.4,8.61,1.62,858.0,3.35,33.822,-118.92,INLAND,281.6
2.863,15.5,3.77,0.8,221.0,2.82,34.426,-117.061,<1H OCEAN,208.8
1.279,32.8,2.34,0.34,1364.0,2.37,39.921,-119.507,ISLAND,96.4
6.186,39.9,7.32,1.34,2740.0,4.0,34.034,-123.68,<1H OCEAN,325.1
3.195,1.5,4.69,0.89,1961.0,3.81,35.468,-124.125,INLAND,128.7
1.063,17.6,2.0,0.45,4996.0,1.9,35.206,-122.168,INLAND,64.1
2.271,11.9,3.29,0.8,380.0,3.61,32.962,-120.05,<1H OCEAN,140.2
2.792,51.9,3.28,0.68,502.0,3.14,36.891,-123.851,<1H OCEAN,181.2
2.999,35.2,4.62,0.97,1130.0,3.19,39.776,-121.023,<1H OCEAN,211.1
2.04,21.7,2.77,0.65,523.0,4.24,32.71,-115.43,NEAR OCEAN,149.9
1.653,4.9,2.0,0.49,242.0,3.12,33.569,-123.4,<1H OCEAN,127.7
0.966,31.5,2.0,0.34,818.0,3.57,39.342,-114.815,INLAND,47.8
0.939,33.7,2.0,0.49,607.0,3.17,38.139,-115.733,INLAND,69.4
3.153,42.6,3.37,0.78,567.0,3.18,39.295,-115.982,<1H OCEAN,233.4
3.783,15.7,4.76,0.98,3874.0,2.26,34.686,-115.663,<1H OCEAN,200.2
1.626,51.1,2.28,0.47,527.0,4.96,40.136,-123.499,NEAR BAY,148.5
6.874,23.4,8.77,1.81,366.0,0.54,37.059,-122.788,<1H OCEAN,335.3
2.502,16.1,3.27,0.7,361.0,2.42,38.298,-122.956,<1H OCEAN,208.5
3.006,18.8,3.65,0.54,2170.0,2.61,33.375,-123.188,INLAND,132.7
2.894,27.5,4.14,0.87,1706.0,3.73,34.448,-121.023,<1H OCEAN,184.3
0.833,48.8,2.0,0.52,366.0,1.87,39.847,-115.998,INLAND,70.6
5.612,38.5,6.21,1.34,498.0,2.86,34.627,-121.78,<1H OCEAN,332.3
4.52,30.4,6.3,1.3,1851.0,3.63,33.379,-121.858,ISLAND,242.4
7.001,9.3,9.02,1.82,585.0,2.03,38.173,-117.541,INLAND,303.4
6.745,8.6,7.67,1.49,4991.0,2.89,37.705,-123.331,ISLAND,311.5
4.197,26.6,4.1,0.81,1133.0,2.87,38.275,-120.697,<1H OCEAN,222.6
4.704,38.2,6.25,1.32,456.0,2.52,38.374,-121.346,<1H OCEAN,276.1
1.551,39.3,2.0,0.44,2549.0,3.03,37.252,-115.827,NEAR BAY,167.7
2.513,12.5,2.79,0.65,662.0,2.66,37.191,-119.155,<1H OCEAN,152.9
2.882,6.1,3.62,0.67,609.0,3.77,41.28,-117.835,<1H OCEAN,162.4
2.3,20.6,3.35,0.78,676.0,3.42,37.572,-123.01,<1H OCEAN,171.2
6.655,47.8,6.97,1.33,1954.0,2.85,38.364,-115.011,NEAR BAY,354.3
3.564,28.8,4.34,0.89,428.0,3.05,35.036,-121.075,<1H OCEAN,229.2
1.923,17.3,2.34,0.41,777.0,2.69,40.775,-117.232,NEAR OCEAN,148.3
6.413,17.5,8.44,1.68,238.0,4.07,32.731,-114.754,INLAND,249.7
3.634,7.7,4.78,1.16,2303.0,3.36,37.794,-119.214,<1H OCEAN,200.3
5.479,25.1,6.98,1.45,700.0,2.89,36.147,-119.225,<1H OCEAN,298.3
1.53,41.4,2.0,0.42,542.0,3.35,38.237,-123.128,NEAR BAY,141.7
3.802,50.4,4.9,1.12,1241.0,4.51,35.922,-120.397,INLAND,194.0
1.865,26.6,2.0,0.14,1665.0,2.45,39.318,-115.775,INLAND,108.0
3.682,9.5,4.36,0.86,2211.0,3.71,32.693,-122.949,<1H OCEAN,180.0
4.528,35.8,5.72,1.09,713.0,3.33,36.356,-115.125,<1H OCEAN,271.9
1.428,39.6,2.0,0.31,2207.0,2.83,40.397,-117.627,INLAND,109.8
3.127,4.7,3.91,0.63,950.0,2.42,34.877,-120.09,INLAND,121.9
1.522,44.4,2.48,0.47,328.0,3.69,33.001,-118.835,INLAND,79.2
5.645,43.3,6.59,1.39,2447.0,3.23,37.217,-122.795,<1H OCEAN,328.2
3.32,25.1,3.47,0.68,1152.0,4.16,41.777,-122.125,NEAR BAY,237.3
1.919,29.6,2.0,0.48,1307.0,3.93,33.11,-121.436,<1H OCEAN,153.4
2.25,37.4,2.14,0.43,3527.0,3.24,33.166,-120.452,<1H OCEAN,152.3
2.465,35.5,3.76,0.87,1183.0,2.42,38.154,-115.145,NEAR BAY,176.9
6.942,1.8,8.66,1.68,207.0,4.64,34.876,-120.624,INLAND,262.5
3.061,7.2,4.21,0.65,2654.0,2.5,36.397,-119.062,<1H OCEAN,192.6
5.108,9.3,6.57,1.16,602.0,3.66,40.39,-122.68,NEAR OCEAN,300.7
3.15,39.5,3.68,0.69,1036.0,1.58,34.389,-116.94,INLAND,139.1
1.553,23.4,2.68,0.45,475.0,4.26,39.333,-118.697,<1H OCEAN,134.9
2.236,28.8,2.34,0.41,623.0,1.37,37.293,-119.901,INLAND,99.4
3.905,40.4,5.69,1.25,1593.0,2.75,41.097,-114.828,<1H OCEAN,212.2
0.841,18.4,2.0,0.25,874.0,2.15,41.743,-115.393,<1H OCEAN,113.5
4.295,39.2,6.05,1.36,1384.0,4.12,37.107,-117.705,<1H OCEAN,259.1
2.05,23.6,2.0,0.32,2282.0,2.41,38.054,-115.082,INLAND,91.5
3.545,20.2,4.04,0.68,700.0,3.42,39.586,-118.652,<1H OCEAN,233.4
2.296,18.0,2.0,0.39,1208.0,3.21,35.527,-116.031,NEAR OCEAN,181.3
4.773,50.2,6.25,1.4,2004.0,1.84,34.654,-120.205,INLAND,222.4
3.287,40.4,4.07,0.74,1707.0,3.82,41.665,-123.433,<1H OCEAN,221.3
4.672,2.0,6.61,1.26,1131.0,2.99,36.61,-114.359,INLAND,206.0
0.969,49.8,2.0,0.35,780.0,4.21,32.515,-122.644,NEAR OCEAN,176.5
2.855,40.5,4.09,0.93,828.0,3.49,40.458,-121.785,INLAND,135.3
2.025,8.6,2.47,0.45,881.0,2.39,38.197,-122.669,<1H OCEAN,133.1
4.225,4.9,5.02,1.05,715.0,2.84,34.101,-120.925,<1H OCEAN,210.0
5.607,16.7,6.58,1.33,1641.0,2.82,32.786,-121.407,NEAR OCEAN,321.0
5.493,32.8,6.17,1.22,361.0,3.62,35.269,-118.289,<1H OCEAN,290.8
7.152,32.4,8.77,1.7,4310.0,3.6,41.315,-114.335,<1H OCEAN,370.4
5.685,15.1,6.93,1.58,2011.0,2.46,41.368,-123.775,INLAND,225.6
2.838,23.7,2.62,0.8,625.0,3.76,35.455,-116.516,<1H OCEAN,201.6
1.727,11.8,2.0,0.31,252.0,3.33,40.441,-123.02,ISLAND,128.0
1.022,3.6,2.0,0.29,1691.0,3.54,36.698,-124.102,NEAR OCEAN,116.7
1.678,27.4,2.59,0.52,1791.0,3.41,38.716,-117.914,INLAND,96.8
0.9,18.7,2.0,0.17,4177.0,3.66,35.677,-115.567,NEAR OCEAN,138.6
1.31,28.7,2.0,0.4,551.0,2.25,37.402,-122.537,INLAND,66.2
3.732,49.3,3.59,0.92,304.0,3.15,35.291,-120.884,NEAR OCEAN,307.0
0.968,8.3,2.0,0.34,3160.0,3.81,33.081,-122.612,INLAND,39.1
4.018,1.1,4.0,0.91,559.0,3.89,33.824,-115.235,<1H OCEAN,202.5
2.244,4.9,3.07,0.76,1734.0,3.89,35.261,-121.596,NEAR BAY,162.9
3.373,24.6,4.33,0.78,275.0,2.29,41.774,-119.853,NEAR OCEAN,254.7
3.425,37.1,4.93,1.0,1915.0,4.66,41.674,-115.353,NEAR BAY,231.7
7.169,30.6,8.29,1.69,363.0,4.41,40.363,-118.771,INLAND,300.0
3.5,26.2,4.67,1.01,1627.0,2.31,34.709,-114.972,<1H OCEAN,215.4
1.353,19.1,2.32,0.54,1112.0,2.76,36.695,-115.035,<1H OCEAN,91.6
1.79,16.8,2.0,0.51,3934.0,3.55,36.678,-119.684,<1H OCEAN,96.6
3.42,20.2,4.17,0.76,245.0,2.42,36.176,-118.476,<1H OCEAN,191.1
2.758,32.2,3.29,0.68,614.0,3.47,32.926,-121.997,<1H OCEAN,187.0
3.515,9.6,3.69,0.89,286.0,3.17,37.578,-114.395,INLAND,196.2
4.06,40.3,5.0,1.16,2736.0,4.03,33.192,-121.517,INLAND,219.7
1.836,30.3,2.0,0.42,1281.0,3.34,40.118,-116.467,<1H OCEAN,125.9
4.131,14.7,5.15,0.98,1119.0,1.38,39.067,-121.17,INLAND,194.5
4.404,26.6,6.37,1.38,369.0,3.69,35.851,-121.17,<1H OCEAN,220.5
3.548,50.1,4.16,0.88,1006.0,3.98,38.648,-123.261,INLAND,212.7
8.382,2.0,10.01,2.05,810.0,2.95,34.714,-118.701,NEAR BAY,376.8
1.046,11.2,2.0,0.48,655.0,3.12,35.02,-121.852,INLAND,39.3
7.805,23.9,10.0,1.9,1975.0,3.12,35.484,-122.816,<1H OCEAN,401.7
2.603,33.6,2.82,0.65,276.0,2.53,40.072,-122.033,INLAND,119.8
2.011,11.8,2.76,0.57,1448.0,4.98,34.502,-121.789,NEAR OCEAN,214.9
4.219,48.5,3.59,0.83,2278.0,2.37,37.846,-119.259,INLAND,196.2
2.251,33.8,2.2,0.44,3054.0,3.74,34.404,-120.441,NEAR BAY,184.8
5.4,45.7,7.01,1.46,1844.0,3.74,35.208,-123.545,<1H OCEAN,304.9
2.557,17.8,2.81,0.61,598.0,2.63,34.737,-118.94,<1H OCEAN,180.1
5.821,43.3,6.89,1.32,1301.0,2.25,38.628,-116.423,<1H OCEAN,297.3
1.625,20.3,2.0,0.31,383.0,2.91,37.504,-118.558,NEAR OCEAN,134.6
3.867,13.9,4.1,0.9,349.0,3.56,39.352,-114.555,INLAND,147.0
1.915,47.5,2.0,0.31,1421.0,3.25,34.589,-123.308,<1H OCEAN,156.5
3.952,5.7,4.56,0.88,2485.0,4.45,32.587,-116.088,<1H OCEAN,208.6
1.203,49.1,2.0,0.36,284.0,2.53,38.965,-119.243,INLAND,77.7
1.275,24.4,2.0,0.44,334.0,2.55,33.591,-119.084,ISLAND,77.8
2.543,51.6,2.64,0.59,1201.0,3.71,34.84,-119.109,<1H OCEAN,180.2
5.969,28.5,6.45,1.13,495.0,1.67,35.404,-121.047,<1H OCEAN,312.4
1.078,39.6,2.0,0.33,1336.0,2.55,39.595,-121.054,INLAND,70.0
6.587,1.4,7.24,1.37,490.0,2.9,38.446,-117.982,<1H OCEAN,307.1
3.956,26.3,4.36,0.85,349.0,2.99,34.251,-123.852,INLAND,170.1
5.709,38.6,6.92,1.18,1146.0,2.59,38.18,-118.412,INLAND,260.4
3.288,40.9,3.51,0.82,2578.0,1.54,39.227,-117.054,INLAND,143.3
3.569,9.1,4.93,0.99,1587.0,4.13,36.195,-120.737,NEAR BAY,195.1
2.803,22.4,2.84,0.55,2249.0,4.09,34.837,-122.126,<1H OCEAN,171.9
2.616,22.4,2.84,0.64,572.0,1.67,38.95,-122.166,NEAR OCEAN,187.6
4.847,6.3,6.24,1.3,2806.0,3.54,38.303,-123.482,NEAR BAY,245.3
1.629,23.6,2.3,0.51,768.0,2.89,33.24,-123.403,<1H OCEAN,94.3
3.246,42.2,4.15,0.83,2496.0,3.45,38.833,-122.633,<1H OCEAN,200.0
1.062,16.3,2.0,0.41,965.0,3.22,37.141,-124.108,NEAR OCEAN,152.3
1.321,23.1,2.0,0.48,574.0,1.83,39.657,-121.638,INLAND,79.5
3.056,50.0,4.06,0.87,562.0,3.64,34.312,-121.236,<1H OCEAN,212.5
2.143,2.6,2.79,0.73,1206.0,2.56,34.953,-114.348,INLAND,92.3
2.848,31.2,3.4,0.69,299.0,0.92,37.661,-114.383,INLAND,151.3
1.805,38.9,2.45,0.56,3392.0,3.16,37.076,-122.43,<1H OCEAN,155.4
4.545,39.8,5.42,1.07,580.0,1.75,36.17,-122.17,INLAND,237.2
1.385,37.5,2.0,0.43,691.0,3.92,39.587,-119.381,INLAND,43.0
7.942,38.0,9.57,1.95,519.0,2.77,37.865,-122.812,NEAR OCEAN,454.6
6.413,4.0,6.94,1.34,204.0,3.06,39.248,-119.26,INLAND,216.2
4.23,28.2,4.78,0.89,1615.0,3.42,33.956,-120.306,INLAND,179.3
1.248,40.9,2.54,0.57,1272.0,3.08,39.425,-121.054,INLAND,97.3
2.851,5.8,2.45,0.54,2191.0,2.53,36.885,-116.074,<1H OCEAN,181.1
4.376,1.6,6.03,1.35,250.0,3.9,32.821,-116.019,INLAND,156.9
5.536,42.5,6.96,1.39,3368.0,2.91,34.728,-114.421,INLAND,254.5
5.518,37.3,6.64,1.23,682.0,2.1,32.745,-122.069,NEAR OCEAN,328.7
4.908,22.0,5.05,1.01,3131.0,3.28,36.84,-115.417,NEAR OCEAN,320.9
0.685,49.0,2.0,0.48,336.0,2.94,35.596,-118.922,INLAND,65.0
1.674,40.1,2.0,0.19,1835.0,2.98,41.881,-118.385,<1H OCEAN,136.1
4.985,50.4,6.58,1.31,1239.0,3.1,40.751,-115.337,NEAR BAY,297.3
2.234,48.4,2.35,0.54,732.0,3.04,40.344,-114.874,<1H OCEAN,189.7
3.826,25.5,4.45,0.91,299.0,4.17,37.261,-117.032,NEAR BAY,219.6
8.237,39.5,10.01,1.97,1314.0,2.36,40.167,-120.822,<1H OCEAN,424.1
2.166,35.1,2.28,0.34,232.0,1.34,35.035,-119.403,<1H OCEAN,196.0
5.754,42.4,7.38,1.48,1035.0,3.0,37.826,-118.149,NEAR OCEAN,312.4
3.947,41.2,4.59,0.8,1312.0,3.67,36.233,-116.014,NEAR OCEAN,304.9
10.308,8.8,11.43,2.35,1782.0,1.75,34.128,-117.721,NEAR OCEAN,500.0
3.954,12.9,4.82,0.97,5898.0,3.29,33.19,-120.646,<1H OCEAN,227.5
2.254,14.6,3.11,0.77,561.0,1.87,37.803,-120.121,NEAR OCEAN,185.6
3.254,42.7,4.62,0.73,667.0,3.68,33.428,-123.796,INLAND,133.2
1.609,42.3,2.21,0.41,701.0,3.01,39.321,-115.057,INLAND,99.1
4.797,26.3,6.33,1.34,1778.0,2.3,41.254,-123.419,NEAR BAY,254.8
2.51,30.6,3.26,0.77,3423.0,1.72,34.04,-118.501,INLAND,97.1
3.251,43.2,3.42,0.76,4595.0,4.74,36.974,-115.583,<1H OCEAN,201.4
6.014,16.9,6.83,1.27,3698.0,4.84,39.518,-120.091,INLAND,253.3
1.494,3.6,2.0,0.35,2738.0,2.14,35.225,-116.299,INLAND,68.0
5.547,25.6,6.55,1.09,5850.0,2.12,41.247,-116.262,NEAR BAY,271.9
1.153,47.6,2.0,0.4,766.0,3.06,40.94,-123.702,<1H OCEAN,86.6
3.01,41.3,2.82,0.68,3755.0,2.69,33.486,-120.179,NEAR OCEAN,238.3
4.244,19.7,5.74,1.15,1918.0,2.74,32.76,-117.39,NEAR OCEAN,257.2
4.986,4.3,5.93,1.24,421.0,3.23,41.776,-120.076,<1H OCEAN,244.1
1.582,33.5,2.0,0.46,256.0,4.53,41.587,-118.848,<1H OCEAN,99.1
8.307,43.6,9.18,1.8,490.0,4.09,36.512,-118.355,INLAND,360.7
4.282,34.9,5.97,0.95,2010.0,2.74,32.98,-122.788,NEAR OCEAN,296.7
5.023,22.7,6.62,1.46,1399.0,3.58,38.379,-120.18,INLAND,210.2
4.298,7.3,4.96,1.03,505.0,1.52,35.287,-124.015,NEAR OCEAN,269.8
1.629,47.4,2.42,0.36,1825.0,3.11,41.399,-122.804,INLAND,97.2
2.041,15.1,2.34,0.51,383.0,2.81,40.049,-119.177,INLAND,54.3
6.452,12.4,7.44,1.51,2270.0,3.77,38.671,-118.564,<1H OCEAN,319.7
6.571,42.6,7.56,1.64,2097.0,3.5,35.203,-122.838,<1H OCEAN,331.2
0.798,51.0,2.0,0.45,4516.0,3.25,39.162,-116.744,INLAND,46.3
4.767,34.7,5.52,1.15,395.0,3.37,35.247,-120.57,NEAR OCEAN,322.0
2.977,32.9,3.6,0.74,3045.0,2.65,32.857,-115.094,INLAND,150.7
4.129,17.3,5.76,1.07,701.0,3.77,37.33,-120.423,INLAND,166.7
3.598,2.0,5.46,1.16,846.0,3.37,37.143,-122.802,INLAND,142.5
3.564,10.8,3.68,0.73,958.0,2.87,39.749,-116.72,<1H OCEAN,204.4
1.863,30.8,2.47,0.4,1383.0,3.08,40.724,-118.622,INLAND,65.2
5.624,8.7,6.85,1.3,6502.0,3.68,35.867,-120.433,INLAND,209.1
2.243,46.1,2.96,0.48,1299.0,3.75,36.77,-120.74,INLAND,104.7
2.938,10.6,3.3,0.77,3336.0,2.73,36.969,-122.792,INLAND,135.9
1.893,27.6,2.54,0.71,553.0,2.29,35.58,-120.892,NEAR OCEAN,219.1
3.25,27.1,3.21,0.76,810.0,2.64,39.562,-124.007,<1H OCEAN,213.5
1.399,31.8,3.37,0.71,1043.0,2.68,37.46,-119.276,<1H OCEAN,133.7
2.315,17.7,2.92,0.58,668.0,3.1,41.183,-115.333,<1H OCEAN,136.2
5.606,45.6,7.09,1.39,4720.0,3.96,38.678,-116.347,NEAR OCEAN,365.5
1.557,23.7,2.0,0.3,1752.0,2.62,34.513,-124.015,<1H OCEAN,124.0
4.737,36.7,5.34,1.26,982.0,3.31,34.066,-115.487,<1H OCEAN,248.6
1.312,33.4,2.0,0.3,1870.0,2.85,36.038,-119.777,NEAR BAY,143.7
2.151,7.0,3.31,0.58,956.0,3.02,35.796,-122.391,INLAND,118.2
2.173,32.8,2.05,0.39,221.0,3.24,36.368,-116.776,<1H OCEAN,177.9
5.318,29.1,6.29,1.25,1140.0,3.96,34.244,-121.071,INLAND,283.5
6.605,46.8,7.85,1.63,1378.0,3.2,41.793,-121.767,INLAND,286.5
2.638,45.9,3.4,0.61,4969.0,0.93,33.884,-122.687,INLAND,132.9
1.392,8.7,2.0,0.2,250.0,2.84,38.7,-119.434,INLAND,45.0
2.383,5.2,3.29,0.63,1061.0,4.26,32.624,-123.366,<1H OCEAN,131.7
2.505,16.0,3.63,0.71,324.0,3.91,36.366,-116.444,<1H OCEAN,190.9
2.332,51.3,2.47,0.47,394.0,3.63,35.437,-119.593,<1H OCEAN,162.2
2.978,2.1,3.56,0.69,1331.0,3.94,36.129,-119.83,<1H OCEAN,159.9
1.894,35.3,2.59,0.48,516.0,3.66,37.232,-124.281,INLAND,129.2
1.446,32.0,2.0,0.27,1860.0,3.93,38.204,-116.121,INLAND,91.2
0.871,34.0,2.0,0.55,1066.0,2.11,38.043,-119.372,INLAND,41.7
5.185,12.1,6.57,1.46,495.0,2.95,38.492,-119.901,INLAND,215.5
3.581,12.6,5.05,1.15,1017.0,3.12,40.523,-116.686,<1H OCEAN,169.3
4.493,23.0,6.15,1.11,201.0,3.04,40.924,-123.671,<1H OCEAN,244.1
4.155,5.9,5.27,1.1,2583.0,2.54,39.504,-120.633,<1H OCEAN,222.4
3.103,4.8,4.11,0.78,215.0,3.12,33.25,-118.543,<1H OCEAN,180.8
2.974,5.5,3.37,0.63,208.0,1.64,41.632,-119.694,INLAND,160.9
8.202,30.2,9.38,1.78,1335.0,3.36,41.5,-122.484,NEAR OCEAN,457.1
2.352,21.3,2.79,0.81,4558.0,2.46,39.261,-121.307,INLAND,87.7
3.295,16.0,5.09,0.99,2525.0,1.26,37.416,-121.298,INLAND,146.8
2.485,17.1,2.72,0.45,548.0,3.01,34.881,-114.38,<1H OCEAN,161.8
1.697,11.6,2.25,0.46,463.0,4.24,39.685,-121.038,INLAND,114.4
10.17,22.0,12.0,2.48,1381.0,1.48,40.84,-122.248,INLAND,415.6
4.377,11.4,5.07,1.0,2275.0,2.81,38.819,-116.074,<1H OCEAN,236.8
2.126,36.6,3.29,0.68,739.0,1.7,38.476,-120.088,NEAR BAY,169.7
1.844,7.3,3.01,0.7,880.0,3.21,34.334,-119.861,<1H OCEAN,108.2
4.731,49.4,7.01,1.31,347.0,3.7,35.899,-118.811,INLAND,198.2
5.852,5.6,6.62,1.34,399.0,2.35,39.37,-118.343,INLAND,234.0
1.543,49.1,2.06,0.35,1208.0,2.66,32.661,-118.394,NEAR OCEAN,204.4
2.9,43.5,3.52,0.63,330.0,2.88,38.592,-123.955,NEAR BAY,174.5
3.285,35.7,3.6,0.9,471.0,3.99,39.783,-116.112,NEAR BAY,208.0
3.3,47.5,3.63,0.72,521.0,1.88,35.68,-122.351,INLAND,156.7
3.689,8.1,4.51,0.8,904.0,2.64,33.224,-121.377,INLAND,115.3
2.726,10.0,3.04,0.6,256.0,4.26,40.282,-122.566,<1H OCEAN,171.7
3.038,13.9,3.16,0.51,1031.0,2.42,33.847,-116.629,INLAND,140.8
3.141,13.5,3.83,0.74,3369.0,2.68,36.023,-118.463,NEAR BAY,199.8
1.483,16.9,2.0,0.33,230.0,3.14,39.219,-116.747,INLAND,88.5
8.094,30.4,9.48,1.95,1396.0,4.86,40.261,-117.766,<1H OCEAN,396.1
4.892,2.4,6.05,1.4,2368.0,2.11,40.693,-123.258,<1H OCEAN,255.7
5.673,20.5,6.74,1.33,650.0,3.6,37.539,-121.285,<1H OCEAN,297.1
3.776,13.6,4.4,0.82,369.0,2.05,37.021,-119.227,<1H OCEAN,160.4
10.343,31.9,12.0,2.41,253.0,2.19,40.559,-121.251,<1H OCEAN,459.3
0.415,51.2,2.0,0.55,1439.0,2.59,37.849,-122.227,<1H OCEAN,92.8
3.363,27.4,4.08,0.87,1164.0,3.37,37.997,-115.602,<1H OCEAN,207.5
1.806,22.7,2.0,0.39,513.0,2.56,36.623,-116.822,<1H OCEAN,145.7
3.522,19.8,4.63,0.72,2338.0,3.11,36.042,-120.848,NEAR OCEAN,259.8
7.187,41.0,9.89,1.97,1796.0,2.43,37.065,-116.65,INLAND,333.8
4.67,4.7,6.29,1.33,588.0,3.07,35.966,-118.025,INLAND,194.3
3.159,49.9,3.14,0.72,1880.0,1.96,35.764,-124.262,INLAND,176.2
7.607,22.3,9.03,1.94,537.0,1.98,41.94,-120.497,<1H OCEAN,402.8
5.374,17.0,6.08,1.15,1550.0,2.59,35.694,-121.395,NEAR OCEAN,326.8
4.393,50.7,4.81,0.92,351.0,3.49,34.936,-122.121,NEAR BAY,265.6
4.324,48.7,5.76,1.14,1614.0,3.16,35.862,-121.784,<1H OCEAN,271.1
5.194,33.7,6.79,1.43,527.0,2.38,38.112,-114.876,<1H OCEAN,301.1
2.242,1.9,3.58,0.69,1220.0,2.09,41.154,-119.437,INLAND,122.2
2.062,39.2,2.81,0.62,427.0,3.83,39.985,-115.823,<1H OCEAN,141.9
1.688,18.1,2.0,0.36,1753.0,4.09,40.501,-122.158,NEAR BAY,99.2
2.305,20.8,2.86,0.5,275.0,3.41,40.661,-122.556,INLAND,113.0
7.341,9.1,8.36,1.78,417.0,3.28,41.245,-115.412,<1H OCEAN,322.0
2.901,27.7,4.17,0.86,444.0,1.29,34.733,-119.343,<1H OCEAN,183.2
7.428,39.0,8.54,1.78,251.0,3.47,36.854,-115.348,INLAND,364.5
2.199,14.9,2.43,0.47,1840.0,4.27,36.159,-123.67,<1H OCEAN,150.0
5.984,48.9,7.03,1.49,4953.0,3.86,36.128,-115.136,NEAR OCEAN,368.7
6.623,10.9,6.41,1.18,2008.0,3.81,38.697,-120.146,<1H OCEAN,315.6
3.561,4.4,4.71,0.85,2565.0,1.68,36.317,-122.746,NEAR BAY,226.0
2.874,33.9,2.97,0.69,207.0,2.44,38.355,-117.466,<1H OCEAN,200.5
1.964,44.3,2.7,0.53,350.0,2.88,36.132,-116.331,INLAND,104.7
5.579,49.6,6.47,1.27,1183.0,2.43,35.456,-123.826,<1H OCEAN,342.5
2.809,40.1,3.14,0.54,4773.0,2.07,35.854,-114.428,<1H OCEAN,198.1
2.595,11.2,2.56,0.59,1497.0,3.34,40.136,-117.33,INLAND,104.4
4.024,50.9,5.52,1.29,762.0,3.8,38.21,-121.086,<1H OCEAN,209.9
4.68,47.9,6.42,1.35,390.0,1.88,41.753,-122.787,INLAND,228.3
1.898,9.3,2.78,0.51,399.0,3.83,40.41,-120.375,<1H OCEAN,124.3
4.015,29.5,4.95,1.13,741.0,3.18,37.115,-122.094,INLAND,177.9
6.64,29.3,8.04,1.64,1701.0,4.3,34.803,-119.358,INLAND,281.6
1.668,23.6,2.54,0.47,239.0,3.64,38.902,-116.481,NEAR OCEAN,139.0
5.648,51.2,6.71,1.47,2494.0,3.1,39.403,-117.699,<1H OCEAN,368.1
5.621,4.0,7.4,1.46,3608.0,3.11,36.91,-119.941,<1H OCEAN,264.2
5.895,33.0,6.59,1.17,2836.0,3.0,34.684,-123.111,<1H OCEAN,325.6
4.795,11.5,6.24,1.22,3131.0,4.45,37.794,-114.728,NEAR OCEAN,286.6
4.652,27.9,6.22,1.3,219.0,3.49,34.911,-121.596,NEAR OCEAN,243.6
5.541,40.8,6.1,1.15,4769.0,2.71,41.43,-121.522,INLAND,251.3
4.011,13.6,4.39,0.69,748.0,3.46,38.474,-117.845,NEAR OCEAN,263.7
2.478,21.1,2.95,0.74,2642.0,3.37,35.273,-116.595,NEAR OCEAN,195.1
2.443,49.5,3.14,0.93,448.0,2.66,34.549,-114.458,<1H OCEAN,216.3
3.095,39.8,3.4,0.63,910.0,2.34,39.309,-114.608,<1H OCEAN,241.5
4.982,30.2,6.02,1.14,254.0,3.95,39.224,-115.162,<1H OCEAN,279.2
3.15,12.3,2.75,0.41,249.0,2.79,38.173,-119.947,<1H OCEAN,194.3
2.85,22.7,3.8,0.68,3643.0,2.75,38.336,-122.633,INLAND,109.1
5.866,40.5,7.44,1.34,2197.0,3.47,38.237,-118.455,INLAND,243.9
3.624,42.8,5.11,0.89,1106.0,2.59,35.921,-124.127,INLAND,166.2
1.337,13.5,2.0,0.4,1094.0,3.18,41.405,-122.338,<1H OCEAN,154.3
1.689,34.8,2.0,0.24,1858.0,2.7,37.053,-124.275,NEAR OCEAN,174.4
1.553,5.8,2.0,0.25,702.0,0.94,32.693,-122.495,<1H OCEAN,143.1
3.198,2.2,3.43,0.71,1922.0,3.31,35.809,-119.552,INLAND,115.2
1.734,29.0,2.04,0.35,996.0,3.21,33.738,-120.367,ISLAND,123.3
2.871,12.4,3.02,0.64,1419.0,3.28,35.952,-120.607,<1H OCEAN,164.8
2.351,5.0,2.44,0.45,4217.0,1.34,38.278,-115.99,<1H OCEAN,137.5
1.166,38.2,2.0,0.38,965.0,1.92,32.715,-117.55,INLAND,62.7
1.664,26.4,2.0,0.48,850.0,3.93,40.767,-114.936,NEAR OCEAN,208.9
7.59,41.6,8.61,1.67,3034.0,3.06,38.298,-119.847,<1H OCEAN,385.8
2.649,34.9,3.29,0.73,2994.0,1.49,35.306,-121.578,INLAND,129.9
2.543,38.2,3.18,0.59,6058.0,3.07,35.456,-123.073,NEAR BAY,182.8
2.465,16.7,3.39,0.6,1161.0,1.74,36.924,-117.58,<1H OCEAN,180.3
3.761,14.4,4.59,0.81,706.0,2.54,34.857,-115.883,<1H OCEAN,212.5
3.257,31.6,3.92,0.62,530.0,3.2,32.541,-122.463,INLAND,161.7
8.541,11.2,10.57,1.99,242.0,3.2,32.752,-115.512,<1H OCEAN,421.0
6.074,42.6,7.38,1.3,1757.0,3.81,35.899,-119.037,<1H OCEAN,305.6
8.39,27.7,9.58,1.82,519.0,3.37,33.68,-122.859,NEAR BAY,391.0
4.933,12.6,5.52,1.19,1320.0,3.42,32.712,-117.871,INLAND,209.6
4.591,32.9,6.35,1.27,3181.0,2.69,40.663,-119.099,<1H OCEAN,245.8
1.62,49.2,3.55,0.67,3800.0,2.32,35.104,-124.018,<1H OCEAN,149.5
0.792,5.2,2.0,0.33,205.0,3.04,37.28,-120.308,INLAND,14.9
1.322,6.6,2.0,0.39,658.0,3.82,34.204,-116.452,INLAND,40.9
1.209,44.0,2.4,0.48,2380.0,3.66,32.944,-118.746,INLAND,105.8
2.958,6.6,3.33,0.56,1123.0,2.84,39.576,-121.48,NEAR OCEAN,206.3
5.416,3.0,6.71,1.39,2177.0,2.95,33.687,-115.014,INLAND,209.9
2.174,18.7,2.6,0.49,2503.0,2.28,32.744,-121.922,NEAR BAY,135.4
1.861,24.8,2.33,0.49,901.0,3.92,38.079,-121.773,NEAR BAY,126.6
5.168,30.0,5.98,1.19,734.0,4.29,32.628,-120.754,<1H OCEAN,260.0
1.873,26.9,2.9,0.44,929.0,3.35,36.645,-115.355,<1H OCEAN,120.6
7.349,47.6,8.73,1.88,1469.0,1.69,35.244,-119.224,<1H OCEAN,368.0
1.709,40.2,2.36,0.47,749.0,3.54,35.534,-117.478,<1H OCEAN,148.2
5.402,51.2,6.78,1.32,1990.0,4.32,32.537,-114.537,<1H OCEAN,319.8
3.813,25.3,4.52,0.96,3012.0,2.11,41.661,-116.467,<1H OCEAN,221.1
0.596,5.3,2.0,0.28,598.0,3.68,37.411,-122.574,<1H OCEAN,57.9
1.98,49.7,2.0,0.24,4223.0,2.85,37.939,-116.416,<1H OCEAN,158.2
5.577,1.2,7.05,1.47,1370.0,4.0,38.828,-116.817,<1H OCEAN,262.0
1.19,40.6,2.0,0.51,2726.0,2.07,40.076,-121.974,<1H OCEAN,116.8
2.558,2.6,2.66,0.56,332.0,2.65,38.275,-121.047,INLAND,96.8
1.227,39.8,2.0,0.48,548.0,1.75,39.741,-117.199,<1H OCEAN,148.7
2.967,48.8,3.66,0.61,665.0,3.27,36.763,-121.916,NEAR BAY,221.2
4.053,20.9,5.15,0.99,633.0,3.44,36.027,-122.218,<1H OCEAN,260.7
3.476,13.3,5.08,0.95,426.0,3.28,40.32,-117.265,NEAR BAY,181.8
3.65,12.5,3.24,0.75,2632.0,2.59,40.72,-115.494,<1H OCEAN,183.7
3.465,26.1,4.76,1.0,851.0,2.65,33.809,-123.55,INLAND,152.1
2.798,9.7,3.47,0.8,4160.0,2.74,37.655,-119.841,<1H OCEAN,193.0
5.065,35.3,5.56,1.05,1251.0,3.71,38.995,-118.228,NEAR OCEAN,278.8
1.165,19.8,2.0,0.29,379.0,1.84,33.294,-117.537,<1H OCEAN,114.7
7.125,17.5,9.27,1.99,1147.0,2.73,41.331,-114.338,NEAR BAY,342.2
3.557,24.5,5.14,1.03,6252.0,1.82,37.441,-117.473,<1H OCEAN,224.4
1.276,28.7,2.0,0.51,1199.0,2.67,38.632,-118.098,<1H OCEAN,132.4
6.595,8.2,7.49,1.49,202.0,2.99,34.193,-114.403,INLAND,282.8
2.856,37.1,2.78,0.78,3445.0,4.68,35.012,-123.693,INLAND,153.7
2.316,46.0,2.9,0.7,521.0,2.47,33.65,-123.556,NEAR BAY,235.5
1.298,15.2,2.0,0.38,1600.0,3.82,35.008,-118.693,<1H OCEAN,149.7
2.155,10.2,3.08,0.62,1069.0,1.63,37.178,-120.713,INLAND,110.9
5.209,39.8,6.47,1.3,672.0,3.03,40.419,-123.333,INLAND,230.5
1.798,10.4,2.6,0.41,599.0,3.03,37.57,-121.236,INLAND,72.7
5.267,3.1,5.63,1.08,3370.0,3.6,34.822,-117.556,INLAND,236.1
2.572,32.6,3.96,0.74,3115.0,2.56,32.924,-115.494,<1H OCEAN,202.7
1.64,13.2,2.62,0.55,1064.0,2.37,38.409,-123.357,INLAND,59.2
2.229,9.8,2.41,0.4,559.0,1.34,36.492,-118.899,NEAR OCEAN,147.0
4.208,51.1,4.66,0.92,330.0,3.26,41.851,-121.339,INLAND,172.5
3.646,15.9,4.75,0.91,404.0,2.49,39.908,-117.627,NEAR OCEAN,272.0
7.583,47.1,8.32,1.67,1086.0,3.82,40.179,-118.805,NEAR OCEAN,458.2
2.654,10.1,2.82,0.71,642.0,3.41,32.616,-115.033,NEAR OCEAN,204.6
5.358,42.8,5.92,1.29,252.0,3.95,39.889,-123.923,<1H OCEAN,305.0
2.956,26.6,3.5,0.57,929.0,2.3,34.349,-119.6,<1H OCEAN,225.2
1.905,5.0,2.06,0.41,1845.0,3.16,38.065,-122.372,<1H OCEAN,170.5
1.446,38.4,2.0,0.37,2867.0,3.15,36.751,-118.932,NEAR BAY,152.2
2.677,46.5,2.77,0.49,1256.0,2.6,37.93,-115.764,<1H OCEAN,193.8
3.182,9.3,3.5,0.92,1742.0,3.98,33.768,-115.187,<1H OCEAN,176.1
6.478,38.0,7.18,1.38,743.0,3.63,36.84,-120.318,<1H OCEAN,333.9
7.533,23.7,9.31,1.82,1023.0,4.62,32.851,-116.182,<1H OCEAN,354.8
7.522,39.4,9.59,2.09,1770.0,3.56,32.889,-121.495,<1H OCEAN,395.5
2.042,37.4,2.65,0.63,1761.0,4.5,38.749,-124.237,<1H OCEAN,159.0
1.778,2.4,2.83,0.52,863.0,4.48,41.541,-115.748,<1H OCEAN,106.6
2.16,10.1,2.17,0.51,1141.0,2.61,39.885,-123.106,NEAR BAY,167.1
2.905,25.0,3.11,0.6,3290.0,1.82,36.957,-124.124,INLAND,147.3
0.976,48.6,2.0,0.38,1400.0,4.35,33.031,-120.762,INLAND,83.1
1.699,18.4,2.32,0.38,1435.0,3.56,32.928,-120.506,INLAND,79.5
6.227,33.1,7.48,1.25,2042.0,3.42,34.0,-123.528,NEAR OCEAN,374.7
3.771,1.6,4.51,0.76,347.0,2.64,41.77,-116.158,NEAR BAY,195.2
2.268,37.3,2.19,0.33,1088.0,3.32,36.287,-120.244,NEAR BAY,225.9
1.056,31.8,2.0,0.44,4046.0,3.81,40.512,-119.401,<1H OCEAN,163.3
3.721,37.5,4.74,0.96,739.0,3.53,39.199,-121.654,NEAR OCEAN,252.5
3.297,47.1,4.45,1.0,619.0,2.51,38.252,-119.185,<1H OCEAN,214.4
1.697,8.5,2.0,0.28,1303.0,4.23,41.504,-116.633,<1H OCEAN,106.7
4.756,14.3,5.43,1.26,500.0,3.1,34.689,-115.238,<1H OCEAN,214.2
2.337,51.8,2.47,0.66,1174.0,3.54,36.821,-114.595,INLAND,169.0
3.509,9.0,4.02,0.81,403.0,3.67,40.715,-120.033,INLAND,144.5
7.477,37.8,9.48,1.83,1240.0,4.71,37.742,-114.4,<1H OCEAN,357.4
4.611,38.0,5.07,0.95,1307.0,3.33,34.841,-121.35,NEAR OCEAN,270.2
1.306,35.8,2.0,0.42,850.0,2.96,34.485,-124.23,<1H OCEAN,135.4
4.622,12.6,5.3,1.25,779.0,4.53,39.652,-116.624,<1H OCEAN,252.1
2.09,12.0,2.0,0.39,538.0,3.89,32.621,-122.516,<1H OCEAN,151.4
4.228,35.0,4.9,0.82,682.0,3.24,41.185,-123.775,INLAND,218.5
5.328,10.5,7.21,1.63,1028.0,3.19,32.675,-115.06,<1H OCEAN,289.4
3.51,34.7,3.87,0.73,541.0,1.43,38.494,-116.382,<1H OCEAN,192.5
1.378,26.1,2.0,0.55,2033.0,2.93,38.245,-123.273,ISLAND,104.2
0.738,20.7,2.0,0.46,1681.0,1.88,37.995,-116.531,NEAR OCEAN,155.6
5.957,16.3,7.25,1.43,577.0,0.86,37.006,-115.86,<1H OCEAN,289.0
6.984,49.3,9.15,1.93,323.0,2.52,40.598,-115.247,INLAND,289.5
2.013,26.9,2.02,0.33,200.0,1.89,38.764,-118.863,<1H OCEAN,124.6
0.651,29.6,2.0,0.37,1290.0,2.72,39.928,-117.266,INLAND,68.5
1.202,49.4,2.0,0.35,485.0,3.25,33.597,-116.678,INLAND,106.0
2.399,34.3,2.52,0.48,215.0,3.41,32.974,-117.414,<1H OCEAN,176.0
5.303,49.9,6.4,1.33,734.0,2.91,32.771,-117.832,<1H OCEAN,283.1
0.656,6.4,2.0,0.45,4124.0,1.97,33.898,-118.824,<1H OCEAN,80.1
6.39,44.2,7.41,1.33,1605.0,2.9,38.837,-119.508,INLAND,287.7
5.972,18.1,7.08,1.36,2540.0,2.15,37.193,-114.339,NEAR BAY,294.5
6.32,42.3,7.01,1.37,388.0,4.12,39.646,-120.924,ISLAND,350.3
1.609,44.6,2.4,0.54,291.0,2.88,34.321,-123.417,NEAR BAY,140.5
5.555,14.8,6.75,1.21,214.0,2.09,35.986,-116.65,NEAR BAY,294.9
3.255,21.9,3.69,0.81,3939.0,2.16,40.941,-122.162,<1H OCEAN,204.4
1.539,38.0,2.0,0.29,628.0,3.01,41.389,-118.973,INLAND,63.1
3.483,6.1,4.18,0.86,938.0,3.05,41.256,-123.342,<1H OCEAN,234.0
3.187,39.5,3.99,0.91,802.0,2.85,40.274,-118.107,NEAR OCEAN,260.7
1.198,6.6,2.0,0.28,1773.0,3.8,39.038,-114.86,NEAR OCEAN,111.4
4.499,47.6,5.11,1.05,645.0,2.23,41.18,-117.073,<1H OCEAN,239.3
3.094,15.1,3.58,0.7,1120.0,3.8,39.285,-122.155,INLAND,167.5
2.514,30.4,3.09,0.52,6707.0,2.92,41.562,-114.589,<1H OCEAN,178.5
2.454,7.0,3.75,0.63,905.0,3.69,32.735,-121.229,<1H OCEAN,165.0
3.864,14.7,4.24,0.78,1162.0,2.5,41.256,-119.934,NEAR BAY,224.1
2.341,21.6,2.0,0.32,1038.0,3.62,37.78,-119.319,NEAR OCEAN,222.7
0.764,25.8,2.0,0.38,2151.0,2.35,33.562,-114.393,<1H OCEAN,123.9
1.484,1.0,2.0,0.36,572.0,4.32,34.542,-123.611,<1H OCEAN,92.6
3.116,46.3,4.47,0.94,424.0,2.94,40.596,-117.333,<1H OCEAN,221.8
2.256,1.4,3.33,0.75,1883.0,2.66,37.308,-120.681,NEAR BAY,113.3
2.493,40.5,3.26,0.5,845.0,2.06,41.837,-123.517,NEAR BAY,160.3
1.653,25.0,2.59,0.49,3140.0,3.13,33.617,-114.95,INLAND,80.1
1.666,27.7,2.0,0.31,1440.0,2.88,36.419,-118.401,INLAND,54.8
4.245,11.6,4.42,0.78,1197.0,1.93,35.653,-116.765,INLAND,163.6
3.45,32.0,4.28,0.7,288.0,2.41,37.403,-121.896,<1H OCEAN,170.1
1.818,28.4,2.0,0.24,1773.0,1.44,38.518,-116.685,NEAR BAY,145.0
2.439,9.4,2.53,0.45,1590.0,2.1,38.785,-116.015,INLAND,137.9
4.864,13.1,6.24,1.29,1426.0,2.9,32.512,-119.992,<1H OCEAN,255.7
1.439,4.4,2.0,0.44,574.0,3.28,33.345,-118.58,<1H OCEAN,111.8
5.24,4.4,6.81,1.26,3719.0,2.74,32.833,-114.581,INLAND,205.9
2.837,1.7,3.22,0.53,666.0,3.38,40.714,-115.833,<1H OCEAN,184.4
2.46,12.2,2.94,0.61,398.0,2.23,35.476,-119.851,INLAND,107.2
1.245,35.7,2.26,0.41,5430.0,3.36,35.987,-117.654,NEAR OCEAN,146.4
11.318,17.1,12.0,2.49,1846.0,2.94,36.779,-116.458,NEAR OCEAN,500.0
4.019,18.5,4.78,0.84,843.0,2.84,40.568,-124.057,INLAND,206.6
0.75,7.7,2.0,0.21,3497.0,3.0,32.635,-118.416,INLAND,14.9
3.559,30.3,5.12,1.09,315.0,2.52,33.627,-114.455,<1H OCEAN,197.8
5.925,18.4,8.31,1.47,310.0,1.77,39.009,-114.828,INLAND,249.7
3.706,35.5,4.55,0.77,1577.0,2.16,41.657,-115.976,<1H OCEAN,219.6
4.939,38.8,6.17,1.17,435.0,1.87,38.606,-123.238,NEAR BAY,287.0
2.194,30.8,2.58,0.49,3189.0,2.82,34.981,-114.36,NEAR BAY,142.7
2.012,15.1,2.34,0.53,2402.0,3.55,37.439,-118.205,<1H OCEAN,132.0
2.607,26.9,3.17,0.53,639.0,4.19,41.762,-122.071,NEAR OCEAN,216.9
3.227,13.8,3.2,0.77,2836.0,2.63,37.517,-117.557,INLAND,141.9
2.226,47.0,3.0,0.45,253.0,2.87,36.048,-115.735,NEAR BAY,228.7
2.799,40.1,2.87,0.54,1155.0,4.51,36.143,-123.177,INLAND,159.7
1.497,26.1,2.0,0.48,3490.0,2.68,41.687,-115.136,INLAND,50.0
0.974,50.2,2.0,0.49,2520.0,2.5,39.33,-115.098,INLAND,58.8
1.844,28.9,2.0,0.1,728.0,2.9,39.028,-124.165,<1H OCEAN,119.6
8.101,17.8,10.02,2.27,442.0,2.66,34.705,-115.297,<1H OCEAN,420.5
6.188,5.9,7.19,1.41,484.0,2.46,37.815,-114.832,<1H OCEAN,280.8
3.612,28.7,4.87,1.0,1067.0,1.87,35.889,-123.923,<1H OCEAN,229.2
1.119,44.9,2.0,0.37,1290.0,4.27,34.782,-121.358,<1H OCEAN,140.4
2.944,45.2,3.45,0.9,240.0,3.44,41.008,-120.569,INLAND,124.6
3.389,31.8,3.53,0.84,840.0,4.29,36.14,-120.811,INLAND,152.6
2.14,21.1,3.06,0.82,2329.0,3.76,35.186,-116.71,NEAR BAY,147.2
6.402,34.2,7.53,1.55,905.0,3.01,41.351,-120.719,<1H OCEAN,301.8
1.448,39.9,2.0,0.49,422.0,1.66,34.375,-114.734,NEAR BAY,175.5
4.251,22.0,5.01,0.9,3918.0,2.27,39.582,-114.35,INLAND,191.1
1.421,25.3,2.0,0.37,572.0,2.72,38.701,-121.132,INLAND,108.9
1.548,35.7,2.06,0.5,2122.0,2.23,41.245,-119.212,INLAND,134.6
2.946,45.7,3.81,0.79,458.0,1.54,40.404,-118.723,INLAND,157.6
0.595,41.3,2.0,0.41,860.0,2.29,39.2,-118.506,<1H OCEAN,114.4
3.481,2.1,4.16,0.75,1009.0,2.84,35.488,-120.558,INLAND,125.2
2.298,7.3,2.0,0.52,1033.0,4.27,37.208,-122.64,INLAND,124.5
2.812,44.5,3.15,0.74,1072.0,2.46,41.473,-123.754,ISLAND,197.1
1.975,43.5,3.09,0.72,506.0,3.52,32.72,-123.237,NEAR BAY,155.4
6.305,20.8,7.79,1.59,1071.0,2.22,40.046,-115.287,INLAND,253.5
5.134,30.8,5.62,1.13,989.0,2.82,34.892,-121.496,INLAND,231.5
4.228,47.2,4.88,1.09,481.0,2.97,34.258,-123.532,NEAR BAY,269.3
1.605,47.5,2.0,0.49,5527.0,4.28,34.706,-118.065,NEAR BAY,156.3
4.524,40.9,5.96,1.1,2608.0,0.86,33.068,-123.547,NEAR OCEAN,312.9
3.746,11.7,4.98,1.03,2823.0,2.35,41.924,-123.599,NEAR OCEAN,244.9
10.446,38.2,12.0,2.47,1588.0,3.2,40.764,-118.084,<1H OCEAN,500.0
1.107,6.2,2.0,0.33,409.0,3.33,37.45,-118.386,NEAR OCEAN,148.7
2.689,46.6,2.66,0.62,1207.0,2.06,39.293,-123.885,<1H OCEAN,219.1
1.995,8.6,2.08,0.49,2267.0,2.97,37.788,-119.695,INLAND,102.8
3.819,34.8,4.29,0.82,247.0,3.01,40.21,-119.942,<1H OCEAN,233.7
1.015,32.1,2.0,0.26,1022.0,4.18,40.525,-118.833,<1H OCEAN,124.6
4.718,40.6,5.84,1.23,805.0,3.17,34.712,-116.922,<1H OCEAN,248.2
1.008,29.1,2.0,0.6,486.0,2.89,36.868,-121.472,NEAR OCEAN,179.2
3.857,4.0,4.6,0.95,770.0,2.44,38.531,-119.972,NEAR OCEAN,242.5
2.456,37.0,2.42,0.55,5125.0,3.49,41.795,-116.373,INLAND,125.3
1.734,20.5,2.18,0.32,1742.0,2.8,38.986,-115.074,INLAND,76.2
1.431,17.3,2.0,0.4,627.0,2.55,41.028,-115.387,NEAR BAY,103.4
1.98,51.6,2.28,0.45,1316.0,2.22,40.538,-119.524,<1H OCEAN,154.1
2.51,31.1,3.94,0.7,540.0,2.76,38.03,-119.091,INLAND,103.8
3.06,37.2,3.79,0.8,1333.0,3.56,40.99,-119.009,INLAND,147.4
3.302,27.8,4.25,0.89,2918.0,2.59,36.086,-115.613,NEAR BAY,221.0
2.716,40.3,2.14,0.4,1177.0,3.03,36.103,-115.901,<1H OCEAN,190.4
2.401,39.4,2.4,0.48,1786.0,2.55,39.919,-121.185,NEAR BAY,190.8
7.316,34.5,9.04,2.01,925.0,3.14,33.778,-122.672,<1H OCEAN,379.9
4.541,51.9,5.59,1.06,1091.0,3.07,35.405,-120.51,<1H OCEAN,264.2
1.134,24.4,2.0,0.29,1625.0,2.37,38.281,-121.416,<1H OCEAN,139.7
2.141,37.0,2.8,0.44,2208.0,3.67,36.491,-114.792,<1H OCEAN,185.2
2.88,41.7,3.92,0.81,1493.0,1.84,41.437,-121.641,INLAND,165.0
1.775,20.2,2.0,0.15,4753.0,3.91,41.606,-122.488,INLAND,95.5
2.517,24.3,2.71,0.49,2257.0,3.26,37.275,-115.305,<1H OCEAN,163.3
1.199,50.4,2.0,0.3,2002.0,3.47,37.621,-123.435,INLAND,81.5
3.211,2.6,4.1,0.81,2438.0,1.68,39.384,-121.697,NEAR OCEAN,220.0
8.707,18.1,10.16,2.03,596.0,2.96,36.844,-119.909,NEAR OCEAN,480.3
3.326,25.8,4.42,0.92,879.0,4.23,34.306,-118.349,INLAND,176.0
3.319,1.1,3.74,0.81,1197.0,2.88,39.596,-121.023,NEAR BAY,154.8
2.716,46.9,2.98,0.71,945.0,3.1,39.509,-119.338,INLAND,151.3
1.384,15.6,2.83,0.53,2456.0,2.08,34.827,-122.312,<1H OCEAN,68.1
7.717,14.1,8.64,1.66,233.0,1.85,40.413,-118.557,<1H OCEAN,361.2
3.534,42.8,4.63,1.01,482.0,3.18,38.33,-120.222,<1H OCEAN,212.1
4.222,15.2,4.16,0.67,2762.0,2.46,34.745,-115.807,INLAND,192.1
2.397,34.5,3.2,0.72,273.0,2.56,38.694,-120.143,NEAR BAY,151.7
4.301,42.9,6.51,1.32,509.0,3.05,34.719,-119.862,NEAR OCEAN,265.8
7.69,41.4,9.76,2.0,719.0,3.55,35.02,-118.378,<1H OCEAN,380.7
6.269,40.9,8.19,1.67,1867.0,3.42,40.556,-123.068,INLAND,283.3
0.112,5.5,2.0,0.41,1186.0,3.08,41.33,-122.732,INLAND,14.9
6.044,5.1,7.72,1.56,3911.0,3.71,34.94,-116.398,NEAR BAY,318.6
1.604,16.6,2.05,0.3,510.0,3.84,41.316,-121.566,<1H OCEAN,123.5
1.677,2.8,3.03,0.54,2668.0,2.89,34.769,-117.453,INLAND,69.9
1.212,26.5,2.0,0.58,599.0,4.33,33.614,-123.326,NEAR BAY,141.7
1.564,21.1,2.47,0.56,538.0,2.13,33.053,-116.082,NEAR BAY,114.8
3.876,29.4,4.87,1.08,1028.0,1.77,34.8,-114.418,<1H OCEAN,258.2
3.299,16.2,3.5,0.67,289.0,4.11,36.16,-120.563,<1H OCEAN,195.1
4.418,25.8,5.16,1.04,782.0,2.44,41.312,-119.245,INLAND,213.2
3.072,18.1,2.89,0.63,727.0,0.86,34.801,-119.873,NEAR OCEAN,236.2
1.607,11.0,2.0,0.52,409.0,2.74,35.972,-115.358,<1H OCEAN,136.8
4.642,34.1,4.97,0.98,2566.0,3.98,39.474,-124.201,NEAR BAY,264.5
2.543,35.3,2.86,0.62,785.0,2.75,35.37,-117.765,<1H OCEAN,170.6
4.712,43.3,5.69,1.21,5016.0,1.58,39.001,-117.776,INLAND,261.9
3.557,45.6,3.61,0.82,2960.0,2.77,36.605,-120.476,INLAND,178.4
3.239,36.9,3.73,0.73,460.0,2.85,34.366,-122.107,<1H OCEAN,187.2
8.5,36.1,10.32,2.19,1044.0,2.73,39.474,-121.903,<1H OCEAN,448.2
0.781,3.9,2.0,0.26,1305.0,2.42,32.757,-116.295,INLAND,28.2
0.833,6.6,2.0,0.29,2251.0,2.46,35.277,-123.639,NEAR OCEAN,94.1
1.987,42.4,2.02,0.45,2802.0,3.58,35.884,-118.662,<1H OCEAN,146.9
4.746,12.9,6.36,1.32,1374.0,2.54,36.853,-121.232,INLAND,161.0
2.175,19.1,2.0,0.38,243.0,3.13,38.959,-121.648,INLAND,86.7
2.591,8.4,3.69,0.69,988.0,3.13,36.864,-119.243,INLAND,145.5
0.872,11.0,2.0,0.36,2793.0,2.51,38.146,-115.321,NEAR BAY,102.8
4.631,40.5,5.38,0.99,1702.0,2.4,38.16,-118.119,INLAND,217.6
0.912,14.4,2.0,0.4,2650.0,3.06,36.046,-116.414,INLAND,36.4
2.405,23.9,2.5,0.34,1545.0,1.68,41.373,-118.293,INLAND,112.5
0.587,8.7,2.0,0.51,254.0,4.6,41.581,-117.323,INLAND,52.8
5.224,35.6,7.38,1.51,4331.0,2.54,38.028,-119.976,<1H OCEAN,250.9
0.855,38.1,2.0,0.53,3202.0,2.69,33.181,-115.04,NEAR BAY,173.5
2.302,19.4,2.51,0.52,362.0,3.59,37.166,-119.281,<1H OCEAN,140.0
2.011,41.0,2.0,0.4,343.0,2.86,34.252,-118.782,INLAND,108.3
4.24,13.2,4.94,1.0,1129.0,2.67,37.091,-119.05,INLAND,177.0
3.351,36.3,4.16,0.76,1898.0,1.93,34.291,-121.138,<1H OCEAN,209.4
8.227,38.2,10.23,1.92,778.0,3.08,39.187,-121.988,<1H OCEAN,396.2
1.104,50.4,2.0,0.3,376.0,2.56,33.264,-123.562,<1H OCEAN,152.0
6.037,12.8,8.14,1.58,1057.0,4.67,41.556,-117.118,<1H OCEAN,324.6
6.764,5.8,8.13,1.54,694.0,2.84,34.356,-121.407,NEAR OCEAN,384.3
8.054,14.4,9.43,2.02,720.0,1.19,38.776,-120.408,NEAR OCEAN,425.5
3.074,7.3,3.95,0.72,1443.0,3.76,41.211,-115.101,<1H OCEAN,167.0
1.264,9.7,2.0,0.44,2802.0,2.2,34.855,-118.636,<1H OCEAN,104.6
3.985,18.0,4.4,0.94,1181.0,3.09,41.376,-123.329,NEAR OCEAN,262.1
0.959,22.1,2.0,0.52,1596.0,4.12,36.192,-116.304,<1H OCEAN,86.4
5.649,47.1,5.96,1.26,1494.0,2.75,41.625,-121.739,ISLAND,317.2
2.863,11.0,3.29,0.64,1161.0,2.84,41.728,-118.773,<1H OCEAN,209.3
3.719,50.6,5.07,1.18,647.0,3.75,34.287,-119.2,INLAND,185.8
8.036,42.3,9.98,1.87,769.0,4.14,40.395,-121.919,<1H OCEAN,415.3
3.329,46.0,4.56,0.82,655.0,2.89,34.337,-123.142,<1H OCEAN,206.8
1.276,48.4,2.0,0.42,3194.0,4.62,34.651,-122.187,<1H OCEAN,157.5
2.879,39.4,3.37,0.68,2303.0,1.61,33.299,-123.327,INLAND,133.5
2.052,41.2,2.0,0.48,1239.0,2.28,33.987,-121.544,<1H OCEAN,156.8
3.546,23.3,4.76,0.97,3120.0,2.62,38.506,-114.327,INLAND,170.9
2.367,27.0,3.51,0.74,2810.0,3.85,36.768,-120.279,<1H OCEAN,146.5
1.883,48.6,2.0,0.5,3352.0,3.18,40.014,-115.661,INLAND,122.8
2.94,20.3,4.34,0.88,501.0,2.46,35.654,-118.808,INLAND,154.8
1.239,3.1,2.0,0.47,1717.0,2.1,41.702,-117.634,<1H OCEAN,105.3
2.782,39.9,2.8,0.48,1328.0,1.81,32.974,-122.737,<1H OCEAN,210.6
4.129,30.2,4.8,0.89,1788.0,3.41,33.098,-121.552,INLAND,163.5
6.996,42.6,8.71,1.83,567.0,2.69,39.163,-119.196,INLAND,322.9
2.084,4.9,2.47,0.51,1624.0,3.81,40.932,-115.489,NEAR BAY,128.1
9.026,32.7,10.54,2.13,833.0,1.85,40.057,-123.871,NEAR OCEAN,484.9
3.756,13.6,4.8,0.89,2356.0,3.34,37.153,-119.231,<1H OCEAN,242.8
2.457,47.1,3.29,0.62,2104.0,2.97,35.062,-123.79,<1H OCEAN,126.2
2.651,6.6,3.09,0.65,485.0,2.51,32.628,-119.732,<1H OCEAN,148.9
3.012,44.0,3.44,0.66,444.0,2.57,37.34,-118.011,<1H OCEAN,159.9
2.28,5.5,2.46,0.41,1718.0,3.08,37.019,-116.853,<1H OCEAN,121.0
1.914,2.3,2.54,0.42,1159.0,2.97,35.77,-122.915,<1H OCEAN,118.9
3.489,13.0,3.39,0.61,1178.0,2.29,37.992,-122.634,<1H OCEAN,217.2
0.762,18.0,2.0,0.37,1876.0,3.41,39.424,-119.599,<1H OCEAN,111.0
1.707,33.0,2.0,0.37,2517.0,3.96,39.158,-114.32,<1H OCEAN,160.2
4.678,7.7,5.22,1.2,528.0,2.8,35.001,-120.74,<1H OCEAN,254.5
0.648,23.3,2.0,0.49,1173.0,3.47,38.06,-120.025,<1H OCEAN,67.7
3.861,11.4,4.71,0.97,2319.0,2.87,33.913,-119.976,INLAND,179.6
3.228,44.6,5.11,1.21,2674.0,4.93,33.655,-123.493,<1H OCEAN,201.2
2.016,3.3,2.04,0.4,607.0,3.01,39.966,-116.558,<1H OCEAN,142.2
2.338,19.2,2.8,0.61,332.0,3.56,39.091,-121.769,<1H OCEAN,140.5
2.925,33.2,3.03,0.64,518.0,3.93,39.795,-117.263,INLAND,139.9
3.945,47.6,5.7,1.19,3691.0,2.49,33.948,-119.549,NEAR OCEAN,284.5
3.74,45.3,5.34,0.99,945.0,3.56,41.189,-118.182,<1H OCEAN,242.7
5.811,46.7,6.19,1.21,851.0,3.69,33.765,-123.76,INLAND,253.0
3.611,4.2,4.25,0.77,216.0,3.34,40.765,-115.4,INLAND,161.0
6.442,43.9,7.75,1.59,263.0,3.61,35.848,-121.861,INLAND,266.5
0.73,40.8,2.0,0.4,1526.0,2.48,33.502,-117.599,NEAR OCEAN,185.8
5.748,47.0,6.66,1.14,1269.0,4.72,35.224,-116.32,NEAR OCEAN,342.5
2.469,16.9,3.35,0.72,1228.0,1.08,34.224,-118.9,<1H OCEAN,123.1
3.377,47.5,4.95,1.01,340.0,2.33,37.161,-120.927,<1H OCEAN,221.6
4.395,21.5,5.68,1.31,721.0,1.93,41.523,-114.521,INLAND,184.8
1.49,33.3,2.22,0.54,2208.0,4.38,35.615,-121.516,NEAR BAY,117.9
2.641,22.6,2.99,0.71,431.0,2.9,38.315,-114.813,NEAR OCEAN,240.7
6.092,22.8,7.82,1.45,2771.0,2.24,40.971,-122.738,<1H OCEAN,327.0
6.981,28.9,8.88,1.89,355.0,2.52,38.486,-120.408,<1H OCEAN,361.6
2.005,19.2,2.17,0.41,422.0,1.78,35.941,-122.915,NEAR OCEAN,166.4
4.223,41.4,4.95,0.92,980.0,3.5,41.913,-124.278,INLAND,191.4
2.307,33.3,2.0,0.17,3687.0,3.58,34.28,-121.697,INLAND,106.7
1.009,36.2,2.0,0.53,680.0,3.24,37.471,-123.428,INLAND,32.8
6.713,12.8,7.84,1.54,1488.0,2.43,40.069,-114.437,<1H OCEAN,334.2
1.489,50.4,2.0,0.39,1266.0,4.22,32.506,-116.683,NEAR OCEAN,196.8
10.81,34.7,12.0,2.43,394.0,3.63,39.169,-124.263,NEAR OCEAN,500.0
1.197,11.1,2.0,0.59,542.0,1.6,35.032,-122.064,INLAND,61.3
5.66,39.3,7.06,1.39,3394.0,2.84,34.112,-117.599,INLAND,235.1
5.496,9.9,5.99,1.2,445.0,2.07,35.105,-120.314,INLAND,209.9
2.32,4.2,3.43,0.78,1625.0,4.18,41.685,-115.982,<1H OCEAN,139.9
3.657,27.9,4.63,0.9,4212.0,2.64,40.973,-119.251,<1H OCEAN,246.3
2.362,29.2,3.04,0.52,353.0,1.9,34.531,-117.763,<1H OCEAN,191.1
1.727,10.6,2.55,0.29,811.0,2.88,33.612,-118.33,NEAR BAY,137.9
4.038,18.8,5.01,1.13,504.0,4.27,35.959,-117.918,<1H OCEAN,266.8
5.004,49.2,5.5,1.12,501.0,3.69,38.127,-121.999,<1H OCEAN,299.8
1.906,15.5,2.6,0.57,352.0,2.58,40.738,-120.567,INLAND,101.4
6.719,8.9,7.67,1.49,1458.0,2.86,41.678,-123.794,<1H OCEAN,355.5
3.593,51.6,4.42,0.95,1846.0,3.8,39.636,-118.424,<1H OCEAN,248.9
3.049,16.4,3.27,0.6,1555.0,4.12,38.191,-119.707,INLAND,168.1
3.105,35.7,4.56,0.93,3303.0,1.76,33.852,-116.693,INLAND,153.3
6.61,12.8,8.27,1.66,389.0,3.12,33.203,-122.236,INLAND,261.8
2.523,29.1,3.53,0.82,663.0,2.72,38.162,-119.932,INLAND,122.3
2.6,20.7,2.74,0.61,707.0,2.61,37.621,-122.493,INLAND,125.3
6.525,50.0,7.98,1.53,517.0,4.07,40.538,-118.16,<1H OCEAN,332.9
6.818,23.1,8.28,1.72,384.0,1.92,35.565,-115.82,INLAND,276.9
5.433,30.8,6.57,1.28,1000.0,3.64,32.877,-116.646,<1H OCEAN,283.5
1.296,49.2,2.0,0.32,2358.0,1.17,36.525,-114.858,INLAND,69.2
8.899,51.5,11.66,2.39,3909.0,2.42,41.707,-114.583,<1H OCEAN,435.3
3.398,6.2,4.06,0.83,366.0,3.03,40.058,-116.58,<1H OCEAN,205.6
2.994,43.6,3.84,0.65,2279.0,1.95,32.821,-121.432,<1H OCEAN,220.5
5.447,20.5,5.88,1.12,2289.0,4.76,40.809,-122.107,<1H OCEAN,256.2
3.873,31.3,5.38,1.15,791.0,2.43,36.981,-119.825,INLAND,186.2
2.373,20.1,3.54,0.75,340.0,2.36,35.965,-114.361,INLAND,109.7
7.369,21.5,9.27,1.9,5727.0,2.45,35.794,-120.173,<1H OCEAN,383.0
2.982,9.1,3.71,0.93,1479.0,3.47,38.154,-122.309,NEAR BAY,171.2
3.342,30.2,5.18,1.14,5034.0,3.73,37.541,-114.857,INLAND,133.1
7.335,28.9,9.29,1.85,993.0,2.65,38.738,-120.441,NEAR OCEAN,396.8
5.245,10.7,5.61,1.08,803.0,3.25,37.95,-117.391,INLAND,194.4
4.499,28.6,5.51,1.03,541.0,3.32,33.867,-116.418,<1H OCEAN,207.8
2.306,50.6,3.06,0.57,5131.0,1.85,34.944,-115.868,NEAR BAY,181.7
3.994,37.4,4.85,0.81,550.0,2.9,40.49,-116.087,NEAR OCEAN,290.1
4.142,25.5,5.26,0.93,229.0,2.5,38.801,-115.938,INLAND,189.8
4.084,47.7,5.62,1.19,1062.0,1.75,36.76,-117.623,<1H OCEAN,225.8
3.039,30.3,3.55,0.86,768.0,3.17,34.235,-120.262,<1H OCEAN,168.8
1.908,7.9,2.1,0.43,564.0,3.81,32.573,-117.627,NEAR OCEAN,177.0
5.687,28.9,6.28,1.19,1408.0,3.04,35.463,-115.933,<1H OCEAN,334.6
2.244,10.2,2.0,0.06,744.0,0.94,33.021,-120.794,INLAND,123.8
3.238,40.1,3.73,0.92,818.0,2.63,37.082,-121.335,INLAND,155.8
0.477,50.3,2.0,0.27,228.0,2.29,40.307,-120.863,<1H OCEAN,113.6
5.161,19.4,6.09,1.07,1267.0,4.42,35.211,-118.787,INLAND,240.2
1.688,23.2,2.0,0.37,356.0,2.73,40.554,-123.776,INLAND,83.2
4.144,22.5,4.44,0.88,489.0,1.71,39.193,-116.51,<1H OCEAN,206.9
1.345,15.6,2.0,0.4,1715.0,2.96,33.69,-122.911,INLAND,14.9
2.808,41.5,3.63,0.64,651.0,3.51,38.623,-122.972,NEAR OCEAN,239.2
2.64,32.5,2.9,0.62,414.0,3.08,33.941,-122.323,INLAND,127.6
1.703,4.3,2.0,0.35,1234.0,2.36,38.721,-118.531,INLAND,37.4
3.64,43.8,5.42,1.03,490.0,2.63,33.856,-121.444,<1H OCEAN,202.1
1.142,10.5,2.0,0.37,579.0,3.61,36.229,-120.619,<1H OCEAN,98.9
4.829,50.9,5.91,1.11,1365.0,3.08,37.883,-114.984,ISLAND,273.0
4.986,20.2,6.11,1.1,1816.0,4.62,32.979,-115.828,INLAND,244.3
1.824,32.4,2.0,0.28,1815.0,3.08,33.956,-115.778,<1H OCEAN,177.3
6.558,5.0,7.66,1.42,990.0,1.78,35.544,-118.524,INLAND,249.3
2.846,18.6,3.28,0.7,927.0,2.84,36.892,-115.635,INLAND,158.8
1.592,41.9,2.0,0.44,2059.0,2.55,40.656,-116.514,<1H OCEAN,179.6
0.891,25.3,2.0,0.37,457.0,1.76,34.279,-114.768,NEAR OCEAN,151.8
0.223,47.1,2.0,0.38,398.0,3.1,35.801,-123.656,<1H OCEAN,78.0
6.352,30.3,7.92,1.7,1511.0,2.67,37.02,-124.013,INLAND,280.7
1.988,48.4,2.1,0.47,832.0,3.12,35.31,-122.55,INLAND,75.7
2.521,51.1,3.99,0.95,1685.0,4.46,38.445,-115.009,<1H OCEAN,180.0
2.373,24.1,3.47,0.64,556.0,2.9,34.938,-118.244,NEAR OCEAN,209.6
5.533,29.8,5.81,1.05,671.0,3.82,39.837,-120.039,INLAND,252.9
4.292,43.6,5.02,1.1,2924.0,2.85,37.299,-119.173,INLAND,197.7
3.401,12.3,4.89,0.98,857.0,3.33,33.32,-116.004,<1H OCEAN,197.3
1.221,44.9,2.0,0.32,1273.0,3.1,38.456,-115.009,NEAR BAY,114.4
7.528,31.2,9.08,1.86,335.0,3.21,37.908,-117.003,<1H OCEAN,404.2
4.356,38.0,4.06,0.74,436.0,2.89,35.717,-116.702,INLAND,233.6
4.416,5.1,5.19,1.11,244.0,4.16,32.606,-121.096,NEAR BAY,244.9
1.334,40.1,2.0,0.45,863.0,3.51,34.407,-119.63,<1H OCEAN,130.1
1.53,16.9,2.0,0.38,5603.0,3.09,36.354,-115.448,<1H OCEAN,108.2
3.334,42.1,4.31,0.69,2685.0,3.73,34.399,-116.441,ISLAND,233.9
3.387,27.0,3.71,0.65,1403.0,3.1,37.986,-117.457,NEAR BAY,210.7
1.702,15.0,2.19,0.59,2569.0,3.89,39.267,-123.648,NEAR OCEAN,150.0
1.35,49.6,2.0,0.57,1282.0,2.06,40.632,-123.905,INLAND,114.8
2.204,40.0,2.52,0.76,752.0,4.71,38.646,-122.996,INLAND,111.2
2.607,51.3,3.52,0.74,429.0,3.14,39.046,-118.486,<1H OCEAN,178.0
1.233,19.6,2.0,0.29,1470.0,2.09,38.28,-118.936,<1H OCEAN,133.9
4.436,34.1,6.68,1.47,457.0,3.6,41.862,-114.873,<1H OCEAN,239.0
4.59,32.2,6.4,1.25,848.0,4.03,34.98,-117.352,<1H OCEAN,261.9
4.181,36.1,4.51,0.83,2297.0,2.18,35.029,-121.36,INLAND,221.7
1.285,3.0,2.14,0.46,366.0,2.62,33.7,-122.685,INLAND,77.4
2.183,15.9,2.25,0.64,366.0,3.81,37.114,-115.805,INLAND,106.9
4.927,47.4,5.33,1.05,505.0,3.45,33.414,-119.704,INLAND,211.5
3.544,22.6,3.52,0.7,1163.0,2.65,35.066,-117.765,NEAR OCEAN,239.9
6.617,50.0,7.76,1.4,548.0,2.8,37.085,-118.649,<1H OCEAN,403.0
6.087,11.9,7.81,1.57,1039.0,2.0,41.597,-123.225,<1H OCEAN,321.9
3.116,51.9,3.82,0.83,631.0,2.21,41.656,-123.729,INLAND,161.5
2.152,36.6,2.84,0.56,1047.0,1.66,39.566,-120.53,<1H OCEAN,140.2
4.798,40.6,4.14,0.83,590.0,2.72,36.198,-120.684,<1H OCEAN,236.4
5.074,21.2,5.97,1.22,4895.0,3.54,40.719,-117.562,INLAND,244.3
5.433,47.3,5.99,1.09,1014.0,2.79,40.817,-117.978,<1H OCEAN,329.8
3.513,28.8,3.43,0.46,1833.0,3.89,41.147,-114.611,NEAR BAY,212.8
1.983,35.7,2.0,0.39,1647.0,2.48,38.58,-115.719,INLAND,99.7
4.144,5.8,5.01,0.98,1009.0,1.81,34.417,-119.334,<1H OCEAN,243.1
4.252,33.2,5.43,1.14,528.0,3.92,33.365,-119.3,INLAND,167.1
4.711,45.8,5.2,1.28,1058.0,3.29,41.19,-117.559,NEAR OCEAN,355.1
2.301,10.1,3.06,0.74,1571.0,3.98,33.028,-123.159,INLAND,114.9
0.735,38.6,2.0,0.19,939.0,2.73,35.311,-114.301,NEAR OCEAN,125.2
4.121,2.3,5.11,1.27,303.0,4.27,37.126,-119.112,INLAND,182.4
1.092,48.2,2.0,0.47,222.0,2.14,32.709,-115.201,<1H OCEAN,118.6
4.97,51.1,5.72,1.12,677.0,2.77,41.116,-114.626,<1H OCEAN,263.0
3.437,19.1,4.29,1.01,395.0,3.33,35.228,-118.484,INLAND,168.4
2.105,6.5,2.17,0.18,3040.0,2.62,32.771,-123.267,<1H OCEAN,117.3
6.468,34.6,8.09,1.56,432.0,3.18,41.939,-118.567,INLAND,259.7
2.505,2.5,2.45,0.51,802.0,4.0,35.458,-118.324,NEAR OCEAN,201.9
3.458,25.6,4.34,0.87,1694.0,3.3,40.829,-116.408,INLAND,156.7
2.258,14.9,3.16,0.78,2228.0,2.86,36.808,-123.818,<1H OCEAN,172.4
3.246,25.1,3.99,0.92,979.0,3.98,38.8,-119.637,INLAND,144.0
4.296,1.9,4.66,1.0,440.0,3.41,34.79,-115.072,<1H OCEAN,215.6
2.374,3.6,2.03,0.38,579.0,2.99,37.277,-114.387,INLAND,57.1
2.83,1.8,2.84,0.66,852.0,2.94,34.948,-122.386,INLAND,124.7
4.918,32.6,6.15,1.17,744.0,2.71,41.535,-115.594,INLAND,222.4
0.775,29.6,2.0,0.48,714.0,3.67,33.079,-122.837,<1H OCEAN,128.4
5.093,12.9,5.81,1.09,370.0,3.7,35.109,-115.888,NEAR OCEAN,319.2
5.661,34.0,6.99,1.43,3135.0,4.01,40.985,-121.527,INLAND,260.3
1.589,46.1,2.0,0.25,236.0,3.34,37.06,-114.704,<1H OCEAN,135.8
0.925,15.1,2.0,0.5,896.0,2.56,38.201,-117.345,NEAR BAY,90.8
1.316,43.4,2.0,0.36,4914.0,3.26,38.691,-120.309,NEAR OCEAN,188.4
1.749,34.8,2.0,0.26,1494.0,2.55,33.174,-121.49,INLAND,96.7
1.424,2.7,2.0,0.3,727.0,3.13,32.669,-121.948,<1H OCEAN,137.5
4.489,20.1,6.62,1.29,390.0,4.13,41.409,-117.492,NEAR BAY,272.0
2.939,26.9,3.84,0.68,4185.0,3.95,35.079,-115.342,NEAR OCEAN,224.1
3.801,38.3,4.0,0.87,217.0,3.72,36.113,-116.751,INLAND,184.6
5.398,15.6,7.08,1.39,1573.0,2.98,38.98,-115.952,INLAND,212.6
4.767,51.1,5.07,1.11,2746.0,3.72,34.745,-116.486,<1H OCEAN,279.5
7.282,35.9,9.5,1.87,231.0,2.49,39.464,-114.509,<1H OCEAN,389.0
5.99,20.0,6.75,1.42,1750.0,1.83,36.853,-116.722,<1H OCEAN,294.7
0.301,5.9,2.0,0.4,8309.0,3.22,40.638,-122.198,<1H OCEAN,59.5
2.75,10.2,4.34,0.84,1425.0,2.7,35.146,-116.384,INLAND,94.8
4.145,25.9,4.8,0.86,843.0,4.43,34.436,-121.079,<1H OCEAN,225.2
7.428,26.2,9.83,1.97,2690.0,4.31,40.401,-114.342,NEAR OCEAN,420.4
2.505,40.2,2.97,0.67,1169.0,2.45,35.6,-120.533,INLAND,127.5
4.347,38.0,5.17,0.97,1861.0,3.56,36.413,-121.372,<1H OCEAN,231.3
8.638,11.3,9.92,1.98,1263.0,1.42,40.04,-121.908,<1H OCEAN,408.8
4.639,31.3,6.27,1.2,247.0,3.27,38.538,-117.715,INLAND,209.6
1.633,2.1,2.0,0.59,488.0,3.25,36.696,-123.208,<1H OCEAN,139.4
0.962,21.3,2.11,0.45,298.0,2.21,34.874,-114.764,<1H OCEAN,102.8
1.857,40.0,2.0,0.41,335.0,3.13,39.76,-121.357,INLAND,86.3
2.868,21.4,3.21,0.59,219.0,2.26,34.214,-121.346,INLAND,151.1
8.229,43.6,10.38,2.16,856.0,3.68,41.319,-123.839,INLAND,344.7
5.561,50.8,6.62,1.32,436.0,3.15,33.928,-121.84,INLAND,237.0
2.477,32.0,3.12,0.62,2523.0,4.19,40.147,-120.11,NEAR OCEAN,193.9
1.693,8.4,2.0,0.39,1864.0,1.78,36.53,-120.604,<1H OCEAN,112.2
1.681,20.4,2.07,0.3,1222.0,2.31,34.267,-121.57,ISLAND,95.7
9.565,1.5,11.66,2.48,1006.0,2.61,36.323,-123.893,INLAND,349.3
1.543,31.7,2.71,0.63,555.0,3.39,34.605,-121.294,INLAND,102.7
5.056,42.9,5.83,1.17,973.0,3.22,33.792,-116.517,INLAND,233.1
4.896,33.1,6.04,1.2,1430.0,3.34,34.772,-119.912,INLAND,219.0
2.713,41.1,3.86,0.68,2029.0,2.48,40.74,-121.392,ISLAND,190.3
1.454,41.8,2.0,0.25,302.0,1.48,33.506,-121.252,<1H OCEAN,152.9
4.188,44.4,5.57,1.03,1679.0,2.39,41.739,-118.756,<1H OCEAN,236.7
7.88,14.6,10.71,2.26,1829.0,4.13,32.547,-121.277,<1H OCEAN,388.1
1.327,45.4,2.0,0.36,1182.0,2.5,38.753,-117.992,<1H OCEAN,141.7
3.343,34.4,4.67,1.04,489.0,3.14,40.637,-114.405,INLAND,142.0
4.75,15.8,5.96,1.19,1130.0,3.05,41.373,-123.888,<1H OCEAN,264.8
7.596,51.4,9.54,1.82,1038.0,3.15,33.868,-122.613,NEAR OCEAN,436.1
0.794,49.5,2.0,0.33,975.0,1.93,39.133,-122.509,INLAND,50.4
4.426,30.3,5.84,1.19,941.0,3.65,33.52,-119.829,INLAND,181.8
7.507,44.0,9.51,1.74,341.0,2.92,35.85,-123.886,<1H OCEAN,395.1
5.074,14.3,6.05,1.13,442.0,4.85,39.453,-119.525,<1H OCEAN,284.7
2.148,22.2,2.3,0.41,323.0,2.7,35.787,-115.011,NEAR BAY,159.3
3.432,10.4,4.33,0.95,533.0,3.78,35.477,-124.184,INLAND,163.4
5.501,27.5,5.88,1.2,567.0,2.69,33.603,-120.651,<1H OCEAN,316.7
5.725,26.3,7.18,1.45,537.0,4.54,33.131,-116.691,<1H OCEAN,295.5
5.023,11.9,6.4,1.33,484.0,3.58,33.595,-122.755,<1H OCEAN,263.7
3.636,35.3,4.27,0.96,1796.0,1.97,40.817,-123.524,<1H OCEAN,237.1
3.031,7.0,3.66,0.74,2248.0,4.13,32.606,-117.992,NEAR OCEAN,193.9
5.963,4.1,7.61,1.42,675.0,3.62,39.082,-124.2,INLAND,262.5
4.221,20.6,5.44,1.11,637.0,2.63,39.802,-116.282,INLAND,212.6
3.504,21.9,4.67,0.85,2430.0,1.71,37.895,-123.631,NEAR OCEAN,232.9
2.019,17.3,2.81,0.36,1374.0,3.96,39.442,-119.056,<1H OCEAN,202.0
1.936,14.2,2.38,0.49,617.0,4.38,38.697,-116.899,INLAND,104.7
3.09,18.3,3.7,0.79,1700.0,3.9,36.828,-121.88,INLAND,135.2
4.598,9.3,5.73,1.18,707.0,3.7,36.136,-123.265,<1H OCEAN,199.8
4.407,21.6,6.02,1.25,1260.0,3.45,41.443,-122.544,<1H OCEAN,241.7
4.252,47.1,5.23,1.16,6093.0,3.85,41.733,-115.753,INLAND,216.2
3.385,12.4,4.71,0.85,631.0,2.79,38.687,-117.242,<1H OCEAN,201.5
5.66,35.9,5.78,1.12,3400.0,1.55,34.374,-122.319,INLAND,228.9
6.29,8.2,7.71,1.41,664.0,3.61,36.755,-117.139,INLAND,245.0
1.542,19.0,2.0,0.44,1133.0,3.31,37.217,-117.214,<1H OCEAN,140.5
2.248,17.4,2.0,0.52,939.0,1.88,39.701,-114.323,<1H OCEAN,165.7
9.437,48.8,10.57,2.06,2034.0,1.25,38.844,-120.384,<1H OCEAN,485.4
2.97,22.8,3.79,0.83,276.0,3.07,37.391,-115.651,INLAND,139.4
3.023,36.2,3.68,0.66,1384.0,2.88,38.963,-119.836,<1H OCEAN,199.2
1.911,31.7,2.69,0.6,1916.0,2.81,32.729,-115.322,NEAR OCEAN,202.0
5.744,8.2,5.59,0.9,967.0,3.46,39.878,-123.384,NEAR OCEAN,328.2
10.78,48.9,12.0,2.55,334.0,2.4,34.511,-122.547,<1H OCEAN,489.7
1.914,18.6,2.84,0.46,537.0,3.55,38.736,-115.8,NEAR OCEAN,211.9
5.952,3.3,6.45,1.31,1566.0,3.56,33.583,-116.107,INLAND,259.1
1.738,16.3,2.79,0.7,2910.0,0.87,33.587,-121.246,<1H OCEAN,141.0
5.453,18.1,7.44,1.37,857.0,2.95,32.839,-118.332,INLAND,205.2
1.763,5.7,2.0,0.58,1186.0,3.16,41.147,-120.473,INLAND,91.9
0.751,32.6,2.0,0.61,511.0,3.6,38.243,-124.197,<1H OCEAN,97.3
9.375,18.7,11.35,2.34,838.0,3.44,35.939,-124.039,<1H OCEAN,456.6
2.43,33.1,2.02,0.41,693.0,1.6,39.984,-123.757,<1H OCEAN,184.6
1.173,1.3,2.0,0.38,1479.0,3.08,38.448,-118.359,<1H OCEAN,91.2
3.638,51.1,5.07,1.07,5216.0,2.79,38.391,-121.508,<1H OCEAN,257.4
4.636,9.7,5.13,1.1,2214.0,3.86,37.127,-122.861,INLAND,169.4
6.092,34.6,8.22,1.44,456.0,2.04,32.575,-114.889,<1H OCEAN,322.5
2.873,37.5,3.63,0.7,1234.0,3.0,34.955,-123.087,<1H OCEAN,228.1
2.768,9.8,2.93,0.53,282.0,3.7,33.536,-117.56,<1H OCEAN,178.2
2.451,6.7,2.96,0.52,540.0,3.61,38.793,-115.358,NEAR OCEAN,211.7
3.428,8.8,3.38,0.61,427.0,2.88,34.862,-122.662,<1H OCEAN,195.7
4.932,13.6,6.13,1.1,691.0,3.94,36.777,-122.153,<1H OCEAN,257.7
3.983,9.6,4.68,1.09,1563.0,2.42,35.858,-118.562,INLAND,142.6
2.392,35.4,2.66,0.47,1030.0,3.59,33.86,-119.216,INLAND,120.8
3.325,22.5,3.27,0.64,3442.0,3.72,41.605,-119.09,INLAND,164.5
1.409,28.4,2.0,0.37,487.0,1.91,41.367,-118.753,<1H OCEAN,107.2
2.924,3.4,3.61,0.67,743.0,4.04,33.304,-114.801,<1H OCEAN,150.4
2.681,44.9,2.53,0.55,680.0,1.68,40.36,-123.762,<1H OCEAN,201.6
6.12,9.7,7.88,1.55,523.0,3.3,37.14,-116.696,INLAND,269.1
3.641,19.4,4.51,0.96,6184.0,2.62,39.85,-121.975,<1H OCEAN,251.4
2.949,4.7,3.11,0.78,788.0,3.81,33.936,-120.563,<1H OCEAN,166.2
3.198,8.0,3.79,0.65,3586.0,3.26,33.757,-123.407,INLAND,129.4
2.923,35.0,3.93,0.82,794.0,4.43,40.962,-119.844,<1H OCEAN,211.5
1.606,36.3,2.61,0.55,474.0,3.91,41.029,-116.258,INLAND,104.7
4.879,35.5,6.65,1.21,352.0,3.11,36.926,-123.313,<1H OCEAN,268.4
0.547,29.2,2.0,0.46,2522.0,3.96,40.766,-121.544,NEAR BAY,94.6
2.417,49.6,2.23,0.42,239.0,2.92,38.841,-120.569,NEAR BAY,173.8
1.989,26.9,2.03,0.56,4202.0,2.13,34.258,-123.261,NEAR OCEAN,167.9
2.452,23.9,2.24,0.55,850.0,2.63,35.625,-116.677,NEAR BAY,164.5
4.817,13.6,6.33,1.27,541.0,2.91,33.793,-116.431,<1H OCEAN,284.0
2.965,6.0,3.47,0.67,1353.0,0.51,39.853,-115.941,INLAND,109.1
3.228,29.0,4.5,1.07,371.0,4.11,41.86,-118.461,<1H OCEAN,173.6
4.659,17.1,4.88,0.92,290.0,2.92,37.691,-119.228,INLAND,179.9
4.465,27.7,5.01,1.03,2311.0,3.77,38.731,-121.674,<1H OCEAN,261.4
4.28,11.5,4.74,0.94,863.0,3.13,39.588,-117.748,<1H OCEAN,239.0
3.26,43.7,4.53,1.03,1076.0,1.77,34.63,-119.854,NEAR BAY,240.8
5.909,52.0,7.44,1.62,433.0,3.06,35.692,-114.592,<1H OCEAN,349.2
1.947,17.4,2.0,0.45,276.0,2.9,36.417,-114.618,INLAND,97.8
2.95,44.0,3.31,0.61,750.0,2.45,38.149,-115.248,INLAND,166.2
2.492,45.5,3.47,0.68,1047.0,2.69,40.58,-120.699,<1H OCEAN,171.1
2.574,51.8,3.65,0.61,1940.0,3.02,34.915,-120.62,INLAND,158.2
1.786,18.5,2.35,0.49,1034.0,1.04,36.973,-115.773,<1H OCEAN,134.1
5.233,39.6,6.37,1.19,2031.0,3.29,39.64,-117.009,NEAR BAY,308.0
4.539,12.7,4.98,1.22,347.0,3.48,33.33,-117.256,NEAR BAY,250.1
2.899,32.9,4.01,0.75,279.0,3.4,37.372,-121.504,INLAND,132.8
4.133,36.9,4.36,0.97,408.0,2.77,33.872,-115.967,NEAR OCEAN,262.9
5.415,38.8,5.69,1.29,1974.0,4.57,37.622,-118.506,<1H OCEAN,287.6
7.408,11.6,8.99,1.88,1909.0,3.41,39.794,-119.831,<1H OCEAN,359.3
1.313,44.3,2.0,0.35,383.0,2.67,34.751,-115.646,<1H OCEAN,121.6
3.017,22.5,3.98,0.74,238.0,2.01,40.57,-120.358,INLAND,135.6
6.292,12.0,7.79,1.85,1587.0,1.91,35.681,-117.761,<1H OCEAN,333.0
9.732,28.7,12.0,2.6,2520.0,3.32,34.312,-119.641,INLAND,435.7
3.921,45.0,4.91,1.01,1883.0,3.58,36.921,-118.373,INLAND,202.4
5.15,50.3,6.71,1.31,472.0,3.1,40.823,-123.895,<1H OCEAN,323.5
0.367,39.2,2.0,0.31,1252.0,2.95,33.155,-119.689,<1H OCEAN,70.7
4.042,1.3,5.21,0.98,1899.0,2.73,35.612,-118.735,<1H OCEAN,238.7
2.835,7.9,3.26,0.72,555.0,3.39,38.705,-119.373,NEAR OCEAN,182.5
4.866,4.9,5.59,1.35,1100.0,2.38,35.897,-115.826,<1H OCEAN,248.8
7.662,6.2,8.74,1.74,653.0,2.98,33.173,-121.189,<1H OCEAN,345.2
3.239,20.5,4.66,1.05,507.0,3.07,35.654,-115.459,NEAR OCEAN,250.8
3.144,18.3,3.77,0.84,4392.0,3.46,40.299,-120.265,<1H OCEAN,159.1
2.257,6.8,2.31,0.43,3124.0,2.35,41.696,-117.355,<1H OCEAN,110.4
0.567,46.0,2.0,0.5,908.0,2.2,32.878,-123.433,INLAND,46.4
2.375,32.4,2.63,0.63,377.0,3.04,37.908,-122.298,INLAND,106.4
1.245,41.6,2.0,0.49,1762.0,3.17,33.5,-116.688,INLAND,71.7
1.344,19.9,3.06,0.57,554.0,3.0,38.964,-124.177,<1H OCEAN,106.2
4.082,21.9,4.29,0.93,421.0,0.83,32.575,-114.615,<1H OCEAN,244.6
1.483,17.2,2.71,0.66,777.0,3.27,32.64,-122.394,INLAND,71.4
3.408,23.4,3.68,0.83,1106.0,5.05,39.88,-115.287,<1H OCEAN,236.0
9.105,32.1,11.24,2.36,323.0,3.73,33.207,-119.141,NEAR OCEAN,484.5
2.566,26.1,3.03,0.59,1218.0,1.44,35.399,-118.654,<1H OCEAN,191.2
1.349,43.7,2.0,0.51,219.0,2.68,41.601,-123.459,<1H OCEAN,150.5
7.892,46.9,8.78,1.88,2869.0,2.84,41.86,-120.648,<1H OCEAN,385.3
1.744,25.0,2.0,0.35,3242.0,2.74,34.033,-122.738,NEAR OCEAN,169.3
2.436,13.2,3.31,0.52,1785.0,2.01,37.829,-119.041,INLAND,127.9
5.7,49.2,5.95,1.35,954.0,2.29,37.812,-118.793,INLAND,231.8
1.568,38.5,2.0,0.35,553.0,3.75,36.798,-117.203,INLAND,103.3
2.305,33.6,2.72,0.47,1836.0,3.6,41.285,-115.517,<1H OCEAN,165.5
1.508,39.0,2.0,0.42,3422.0,2.91,39.663,-119.618,INLAND,76.6
5.654,4.9,6.2,1.21,407.0,3.76,39.763,-121.966,<1H OCEAN,274.7
1.464,4.4,2.0,0.21,952.0,2.47,35.061,-120.964,<1H OCEAN,144.5
4.398,8.8,4.19,0.93,654.0,2.73,36.626,-115.829,<1H OCEAN,198.5
3.045,8.5,2.95,0.68,729.0,2.71,37.131,-122.841,<1H OCEAN,154.2
2.222,22.5,3.34,0.56,825.0,1.76,35.34,-118.027,<1H OCEAN,118.1
3.003,9.0,4.08,0.81,3839.0,2.8,33.401,-124.169,<1H OCEAN,168.6
2.458,44.6,4.08,0.71,559.0,4.31,33.7,-121.843,<1H OCEAN,171.5
1.941,30.5,2.63,0.44,1014.0,4.22,34.216,-118.386,NEAR BAY,155.3
0.835,19.8,2.0,0.34,3831.0,3.09,34.435,-119.736,INLAND,39.6
1.546,4.6,2.0,0.45,976.0,2.83,34.801,-119.365,NEAR BAY,124.5
3.634,31.1,4.27,1.05,2591.0,4.42,34.927,-117.694,<1H OCEAN,204.5
2.678,6.9,3.42,0.64,273.0,2.8,36.829,-121.954,<1H OCEAN,204.6
4.348,38.9,4.27,0.94,3870.0,2.59,37.341,-121.492,INLAND,217.3
3.402,41.9,4.35,0.95,449.0,3.77,35.434,-117.455,INLAND,179.9
0.395,28.7,2.0,0.19,4891.0,1.63,41.119,-118.917,INLAND,51.3
4.081,8.6,4.67,0.8,432.0,2.91,37.755,-124.154,INLAND,149.2
1.383,41.1,2.16,0.64,905.0,2.95,39.981,-117.597,INLAND,83.3
3.206,16.7,3.07,0.56,643.0,3.41,41.28,-118.099,NEAR OCEAN,227.5
1.03,12.4,2.0,0.45,881.0,2.53,34.05,-123.514,INLAND,41.7
5.517,25.0,6.84,1.4,546.0,2.86,36.565,-116.825,NEAR BAY,283.8
4.932,48.1,5.65,0.92,4234.0,3.07,36.615,-119.079,NEAR BAY,302.3
2.76,16.2,3.33,0.6,638.0,2.8,35.867,-122.253,<1H OCEAN,172.1
4.822,47.2,5.83,1.24,1471.0,2.85,32.585,-118.706,<1H OCEAN,286.6
1.623,3.7,2.4,0.39,377.0,3.67,40.252,-118.345,<1H OCEAN,84.1
2.113,5.3,2.44,0.45,2287.0,3.46,33.56,-115.099,<1H OCEAN,103.8
5.428,36.6,5.89,1.06,1138.0,3.41,41.957,-116.879,<1H OCEAN,277.5
0.256,10.7,2.0,0.32,4862.0,1.69,39.843,-121.281,<1H OCEAN,101.6
2.826,17.1,3.22,0.59,861.0,3.34,38.01,-123.119,<1H OCEAN,216.9
3.905,8.0,4.29,0.67,461.0,2.33,33.969,-115.768,INLAND,182.2
2.353,17.9,2.92,0.7,710.0,4.59,37.396,-115.839,<1H OCEAN,150.6
6.287,15.3,7.62,1.38,1803.0,2.99,34.981,-122.547,INLAND,272.3
7.3,38.6,8.8,1.74,1491.0,2.84,34.897,-123.679,<1H OCEAN,398.1
4.074,36.8,4.44,0.81,2008.0,4.22,40.381,-117.181,NEAR OCEAN,319.5
1.392,49.7,2.0,0.51,292.0,3.97,36.116,-117.074,NEAR OCEAN,162.4
4.874,37.9,6.49,1.18,1242.0,2.81,36.782,-122.529,<1H OCEAN,279.4
8.86,36.4,10.78,2.08,3429.0,2.06,40.508,-117.618,NEAR BAY,427.1
3.301,36.4,4.5,0.77,337.0,1.59,33.334,-121.511,<1H OCEAN,222.9
2.914,46.0,3.55,0.47,319.0,2.16,38.149,-121.694,NEAR OCEAN,244.4
1.699,16.1,2.0,0.45,1713.0,3.26,37.993,-121.055,INLAND,60.9
3.786,16.3,4.97,1.0,654.0,2.88,36.54,-119.096,<1H OCEAN,222.4
2.973,38.8,2.86,0.59,1490.0,2.25,40.383,-116.255,<1H OCEAN,186.0
0.5,12.7,2.0,0.48,1146.0,2.69,41.457,-119.314,<1H OCEAN,79.4
4.7,47.5,5.57,1.12,5328.0,4.37,36.921,-121.32,NEAR OCEAN,316.2
1.276,28.3,2.0,0.36,2838.0,3.9,36.833,-115.46,INLAND,107.4
9.729,16.3,12.0,2.43,1560.0,4.4,37.27,-123.749,<1H OCEAN,458.6
3.434,40.6,4.54,0.86,564.0,2.45,39.37,-116.329,INLAND,168.0
2.767,16.9,3.69,0.85,564.0,3.65,38.847,-116.456,<1H OCEAN,188.7
3.339,50.1,4.44,0.85,2767.0,3.56,34.617,-121.765,<1H OCEAN,206.0
3.213,51.1,4.36,0.86,1256.0,4.17,33.107,-122.317,NEAR BAY,221.4
2.462,35.0,2.39,0.54,2069.0,3.01,41.518,-115.553,INLAND,139.2
0.953,6.8,2.25,0.68,917.0,2.37,34.98,-118.711,<1H OCEAN,105.3
6.367,14.4,8.19,1.54,331.0,2.28,38.567,-123.84,NEAR BAY,305.6
3.311,27.3,3.88,0.65,685.0,2.99,40.37,-115.392,<1H OCEAN,211.5
5.686,44.4,7.01,1.38,411.0,3.06,35.353,-120.81,<1H OCEAN,326.6
1.057,10.4,2.0,0.33,2027.0,3.22,38.537,-120.878,<1H OCEAN,82.5
1.886,6.3,2.13,0.5,1647.0,1.88,33.525,-117.867,INLAND,68.4
2.331,4.8,2.63,0.54,311.0,4.04,41.714,-117.687,INLAND,90.6
1.419,26.9,2.0,0.29,1365.0,1.92,33.053,-120.767,<1H OCEAN,174.9
4.694,46.1,6.04,1.28,2687.0,4.03,36.663,-122.867,INLAND,209.7
2.697,3.2,3.29,0.84,1634.0,2.74,37.6,-118.777,NEAR OCEAN,206.9
3.725,11.8,3.87,0.69,1059.0,4.48,40.01,-118.048,INLAND,151.4
2.087,36.4,2.0,0.43,649.0,1.6,33.651,-115.698,NEAR OCEAN,183.8
5.826,43.1,6.01,0.98,2817.0,3.94,36.688,-119.456,<1H OCEAN,331.5
5.022,42.2,6.47,1.26,859.0,2.18,35.347,-117.843,<1H OCEAN,256.4
4.608,41.0,5.42,1.11,2520.0,2.12,35.464,-123.756,INLAND,246.0
3.429,7.6,4.49,0.88,2033.0,4.32,39.898,-115.355,<1H OCEAN,172.5
6.369,21.3,9.21,1.85,2233.0,3.6,32.552,-121.028,<1H OCEAN,308.5
5.057,51.2,5.62,1.05,5702.0,1.82,39.616,-117.978,<1H OCEAN,304.7
3.029,51.4,3.8,0.89,1858.0,3.16,40.199,-115.139,NEAR OCEAN,267.3
2.227,31.7,3.39,0.64,242.0,4.12,41.063,-116.195,<1H OCEAN,169.1
2.689,37.2,2.98,0.47,476.0,3.45,38.455,-117.923,<1H OCEAN,176.6
4.186,49.5,4.85,0.97,243.0,3.02,35.668,-117.264,<1H OCEAN,225.2
1.051,23.9,2.0,0.49,453.0,3.92,36.559,-115.091,INLAND,59.4
1.83,8.0,3.47,0.75,276.0,3.29,41.712,-116.179,INLAND,62.6
6.314,35.1,7.9,1.53,1036.0,1.67,40.871,-118.201,<1H OCEAN,378.9
5.514,50.0,6.2,1.42,234.0,3.08,36.903,-117.713,INLAND,263.2
2.703,36.6,2.88,0.57,968.0,3.39,41.459,-122.827,INLAND,111.6
13.407,42.0,12.0,2.23,2949.0,3.18,40.318,-119.598,INLAND,500.0
4.896,22.6,4.97,1.05,1857.0,2.68,41.06,-121.29,<1H OCEAN,279.1
3.331,5.9,3.92,0.77,3658.0,3.37,38.988,-119.98,INLAND,161.2
5.572,9.6,6.69,1.33,508.0,3.15,40.648,-117.678,NEAR BAY,274.4
2.165,51.1,2.62,0.61,1109.0,1.41,40.972,-122.808,<1H OCEAN,175.1
1.946,26.2,2.0,0.37,660.0,1.94,33.374,-124.126,<1H OCEAN,160.1
2.958,1.6,3.72,0.72,1017.0,3.25,41.67,-120.331,<1H OCEAN,150.9
3.233,49.7,3.39,0.55,1177.0,3.6,35.669,-121.078,INLAND,176.1
1.949,26.4,2.22,0.39,244.0,2.38,36.679,-120.096,INLAND,104.8
6.81,43.6,7.8,1.58,519.0,3.59,40.023,-114.988,<1H OCEAN,368.0
2.546,29.0,3.63,0.67,1664.0,3.4,38.817,-117.229,<1H OCEAN,174.3
0.873,6.2,2.0,0.23,1979.0,2.85,40.984,-121.025,NEAR BAY,58.6
3.435,32.4,4.79,1.02,1211.0,3.34,36.305,-122.507,INLAND,167.9
2.814,51.9,3.45,0.76,579.0,3.32,36.046,-118.115,NEAR BAY,186.5
5.213,2.8,6.47,1.36,823.0,3.7,32.801,-117.724,NEAR OCEAN,335.3
2.183,43.9,2.66,0.44,321.0,3.74,36.896,-119.464,<1H OCEAN,207.5
4.72,13.0,5.24,1.05,3874.0,2.17,39.379,-122.172,<1H OCEAN,226.3
3.748,21.1,4.7,0.96,2636.0,2.41,35.361,-124.014,INLAND,149.7
5.764,20.0,6.7,1.4,281.0,4.18,36.896,-121.643,<1H OCEAN,250.4
3.416,46.8,4.26,0.91,419.0,3.71,34.584,-119.728,<1H OCEAN,238.8
1.883,26.7,2.56,0.37,1244.0,3.51,39.841,-116.421,<1H OCEAN,135.2
3.863,23.8,5.59,1.29,517.0,3.64,33.075,-115.762,NEAR BAY,229.0
1.547,42.7,2.09,0.3,3469.0,3.91,39.201,-120.171,<1H OCEAN,135.3
0.624,3.5,2.0,0.24,1891.0,3.11,36.1,-116.339,<1H OCEAN,45.7
1.983,5.4,2.71,0.25,583.0,2.7,32.895,-114.366,INLAND,87.9
5.978,2.1,7.06,1.48,207.0,3.45,40.608,-117.134,NEAR OCEAN,356.6
8.383,36.1,10.4,2.22,2128.0,2.98,37.133,-117.014,NEAR BAY,413.6
1.038,27.8,2.0,0.34,862.0,4.24,38.194,-115.205,INLAND,43.2
5.404,45.7,6.28,1.08,1434.0,4.23,39.454,-120.919,<1H OCEAN,299.7
7.607,26.4,8.58,1.8,606.0,3.71,38.723,-124.188,<1H OCEAN,385.7
1.516,12.3,2.15,0.3,385.0,1.98,39.443,-114.43,NEAR BAY,116.4
6.85,42.1,7.94,1.65,1550.0,2.12,39.742,-119.395,INLAND,285.7
1.299,16.0,2.0,0.31,918.0,1.95,38.097,-116.443,INLAND,105.2
2.967,48.7,3.56,0.67,522.0,3.15,35.974,-116.175,<1H OCEAN,177.4
4.015,13.8,4.68,0.97,378.0,3.74,34.81,-120.325,<1H OCEAN,267.1
1.604,9.6,2.0,0.43,1242.0,2.75,41.078,-118.887,INLAND,70.0
6.616,26.2,8.59,1.73,1752.0,2.48,41.714,-118.901,NEAR OCEAN,393.5
3.156,3.6,3.59,0.87,601.0,3.08,35.898,-122.098,ISLAND,183.4
5.119,2.9,6.94,1.56,1794.0,2.37,33.567,-123.124,NEAR OCEAN,279.5
1.672,26.3,2.0,0.58,443.0,3.21,34.614,-118.864,INLAND,114.5
8.662,12.0,11.15,2.21,696.0,2.81,38.871,-123.099,INLAND,368.4
4.303,1.5,5.21,1.05,1839.0,2.47,34.143,-120.839,NEAR OCEAN,261.4
4.196,16.1,5.47,1.23,1495.0,3.09,39.911,-122.439,<1H OCEAN,245.3
3.973,25.3,4.12,0.76,579.0,3.71,41.269,-117.231,NEAR BAY,226.4
4.234,21.1,4.43,0.84,356.0,1.78,41.655,-115.58,INLAND,142.2
4.837,7.9,5.93,1.19,252.0,3.13,32.589,-118.521,NEAR BAY,215.6
2.551,30.6,2.55,0.51,2384.0,1.32,41.602,-120.198,NEAR OCEAN,216.1
1.245,37.2,2.16,0.4,294.0,2.8,39.532,-114.334,<1H OCEAN,123.2
1.288,35.5,2.0,0.31,346.0,3.56,33.298,-124.088,<1H OCEAN,128.1
3.32,21.1,3.66,0.82,526.0,3.82,36.445,-121.257,<1H OCEAN,192.9
7.736,8.0,8.82,1.73,908.0,2.58,39.15,-121.513,<1H OCEAN,343.4
2.953,26.5,3.4,0.7,2072.0,2.57,41.589,-120.738,<1H OCEAN,161.6
6.154,46.4,7.1,1.42,541.0,2.82,34.059,-121.994,INLAND,266.4
3.035,24.9,3.89,0.85,1141.0,2.12,33.713,-121.657,<1H OCEAN,206.4
7.23,11.0,8.64,1.77,314.0,3.13,36.987,-121.723,<1H OCEAN,331.6
4.172,5.7,5.59,1.09,949.0,2.2,41.697,-119.243,NEAR BAY,242.3
3.818,49.1,4.9,0.94,435.0,3.45,41.728,-120.389,<1H OCEAN,221.3
5.818,38.9,6.55,1.3,485.0,2.43,34.665,-117.907,NEAR OCEAN,377.5
4.143,17.0,4.76,0.84,748.0,2.74,35.534,-119.156,<1H OCEAN,219.0
4.716,16.1,5.23,0.97,1919.0,3.4,41.126,-122.466,NEAR OCEAN,285.3
3.282,46.7,3.51,0.75,1835.0,3.51,39.481,-116.2,<1H OCEAN,212.6
3.971,10.1,3.87,0.8,843.0,3.47,41.737,-119.578,INLAND,178.5
1.373,28.3,2.12,0.33,352.0,3.21,40.985,-122.768,INLAND,82.6
6.567,37.4,8.53,1.69,595.0,2.13,34.543,-122.631,NEAR BAY,345.4
6.692,21.2,7.54,1.35,1045.0,2.97,39.717,-116.33,<1H OCEAN,333.0
2.633,3.0,2.62,0.54,2643.0,2.86,32.961,-117.27,<1H OCEAN,146.4
3.101,12.6,4.0,0.77,4340.0,2.66,40.269,-119.235,NEAR OCEAN,246.1
8.551,47.0,9.85,2.18,1418.0,3.06,38.215,-121.239,<1H OCEAN,431.3
2.681,27.7,3.85,0.83,718.0,2.31,41.583,-119.695,<1H OCEAN,190.9
5.009,42.6,5.65,1.04,1619.0,2.97,41.62,-117.935,INLAND,238.4
3.67,29.3,3.33,0.57,692.0,2.76,32.983,-115.507,<1H OCEAN,211.8
1.103,49.1,2.0,0.46,1379.0,2.63,34.025,-118.741,<1H OCEAN,181.3
4.27,47.4,4.83,1.05,535.0,2.11,37.1,-121.533,<1H OCEAN,283.3
1.182,25.6,2.0,0.59,573.0,2.09,40.855,-123.873,<1H OCEAN,107.0
6.478,17.2,7.6,1.64,294.0,4.07,40.237,-122.545,INLAND,313.9
2.855,31.7,3.71,0.79,854.0,3.09,41.662,-117.798,<1H OCEAN,208.1
1.426,35.4,2.0,0.54,1355.0,4.45,38.372,-122.696,NEAR OCEAN,153.5
5.259,26.4,6.47,1.3,2066.0,4.49,34.937,-119.485,NEAR BAY,299.1
1.141,42.9,2.0,0.4,2195.0,3.98,32.739,-117.31,<1H OCEAN,138.3
1.196,10.3,2.0,0.28,6063.0,1.97,34.618,-121.218,NEAR OCEAN,149.4
8.798,18.1,9.86,2.12,310.0,4.13,38.915,-117.609,NEAR BAY,436.6
5.911,36.0,7.29,1.47,1015.0,2.9,41.3,-118.489,INLAND,272.0
3.405,13.6,4.45,0.88,1084.0,2.78,35.549,-119.911,ISLAND,156.9
4.349,23.4,5.39,1.0,2159.0,2.66,40.819,-115.328,<1H OCEAN,215.6
1.746,50.2,2.0,0.52,572.0,2.72,36.252,-117.379,NEAR OCEAN,182.8
3.638,32.9,4.66,1.03,286.0,3.32,35.429,-120.694,INLAND,211.8
1.532,49.4,2.0,0.31,652.0,4.84,37.334,-116.257,<1H OCEAN,163.8
1.498,37.8,2.15,0.48,5157.0,1.69,36.702,-116.919,INLAND,101.0
5.41,38.0,6.45,1.37,2956.0,4.55,41.181,-116.383,INLAND,248.9
2.437,31.2,2.21,0.32,804.0,4.21,36.948,-117.89,<1H OCEAN,154.0
2.191,8.3,2.54,0.57,2708.0,2.86,35.135,-120.506,<1H OCEAN,115.2
4.104,27.5,4.45,0.93,240.0,2.6,40.504,-120.814,INLAND,206.1
2.135,13.9,2.33,0.53,653.0,1.92,41.988,-117.758,INLAND,129.8
2.806,51.9,3.41,0.88,1757.0,2.27,38.658,-122.991,INLAND,167.4
8.081,14.6,10.19,2.33,500.0,2.51,34.879,-116.101,INLAND,325.1
1.189,12.8,2.0,0.52,465.0,2.92,34.769,-120.597,<1H OCEAN,99.6
7.358,32.8,8.93,1.81,2575.0,2.98,33.048,-117.996,<1H OCEAN,384.4
14.122,27.1,12.0,2.46,1348.0,3.61,33.234,-119.309,NEAR OCEAN,500.0
1.256,2.1,2.0,0.44,5614.0,3.52,41.192,-119.107,NEAR OCEAN,138.7
1.393,7.6,2.0,0.64,374.0,3.19,33.417,-116.92,INLAND,51.0
4.564,42.4,5.29,1.07,728.0,2.97,37.101,-118.033,ISLAND,253.2
0.575,25.7,2.0,0.36,647.0,3.91,39.132,-121.797,NEAR BAY,91.1
3.455,8.4,4.42,0.94,2746.0,3.67,40.578,-123.558,<1H OCEAN,163.3
1.946,24.7,2.0,0.61,554.0,3.36,34.127,-115.898,<1H OCEAN,160.0
6.596,13.9,7.45,1.39,723.0,2.68,36.659,-115.451,<1H OCEAN,287.6
2.559,12.4,3.16,0.56,385.0,3.88,34.889,-122.655,INLAND,133.6
3.799,49.8,4.13,0.75,1992.0,3.67,34.93,-121.205,NEAR OCEAN,271.3
4.93,19.5,5.92,1.07,526.0,2.8,35.386,-121.477,<1H OCEAN,260.4
4.328,3.4,5.27,0.96,285.0,1.47,38.078,-114.926,NEAR OCEAN,277.0
3.255,50.5,3.63,0.82,885.0,3.08,32.657,-122.252,INLAND,164.8
5.064,41.5,6.1,1.24,796.0,2.45,36.383,-122.635,INLAND,221.0
1.067,14.0,2.0,0.27,435.0,3.57,34.275,-122.482,<1H OCEAN,109.6
5.893,21.9,6.5,1.37,372.0,3.17,41.688,-117.001,<1H OCEAN,347.2
2.68,45.0,3.49,0.73,2922.0,1.66,38.036,-115.42,INLAND,158.9
4.712,19.2,4.64,1.02,284.0,3.24,40.747,-120.366,NEAR OCEAN,278.7
3.171,29.9,4.74,0.89,326.0,4.37,34.359,-122.939,NEAR OCEAN,233.8
2.195,28.3,2.9,0.46,537.0,2.88,40.195,-118.443,INLAND,100.9
3.023,21.5,4.14,0.9,3865.0,2.99,36.44,-122.201,<1H OCEAN,167.4
3.868,33.6,4.97,1.08,307.0,2.73,34.188,-123.658,<1H OCEAN,243.6
4.246,25.1,5.07,0.9,2231.0,3.06,39.732,-115.438,NEAR OCEAN,273.4
3.909,2.1,4.3,0.88,2871.0,4.23,39.739,-115.592,<1H OCEAN,214.4
2.092,42.5,2.5,0.44,770.0,3.84,41.961,-114.541,INLAND,65.4
1.629,6.8,2.37,0.57,618.0,2.54,39.919,-119.56,INLAND,84.4
1.739,24.7,2.0,0.47,1558.0,2.94,33.88,-121.36,<1H OCEAN,127.5
2.789,30.6,3.42,0.81,1655.0,2.99,35.564,-116.602,INLAND,115.9
4.67,37.0,4.7,0.86,2017.0,3.33,36.791,-122.495,NEAR BAY,239.6
4.859,22.0,5.43,1.02,2330.0,3.34,33.703,-121.867,NEAR OCEAN,283.5
2.27,38.5,2.3,0.42,575.0,2.92,39.986,-121.743,NEAR OCEAN,203.1
3.266,7.7,4.76,0.9,1594.0,2.0,37.504,-114.784,<1H OCEAN,204.6
1.143,34.3,2.0,0.44,374.0,2.91,41.472,-117.002,<1H OCEAN,114.3
2.556,43.1,3.27,0.55,1058.0,2.71,38.098,-122.963,ISLAND,206.4
2.26,46.4,3.51,0.85,1339.0,2.28,37.468,-123.372,<1H OCEAN,183.3
1.923,30.6,2.81,0.74,412.0,3.63,33.179,-115.872,INLAND,137.8
3.48,17.0,4.94,1.1,296.0,3.02,33.919,-116.277,<1H OCEAN,192.8
8.236,9.3,10.72,2.19,460.0,2.17,40.57,-117.59,INLAND,345.2
3.374,18.6,4.08,0.8,855.0,4.58,41.911,-122.339,<1H OCEAN,224.8
6.144,28.5,7.61,1.54,2825.0,3.33,36.444,-119.497,NEAR BAY,331.2
5.409,11.0,6.59,1.24,1111.0,3.63,40.196,-118.273,NEAR BAY,271.8
2.336,49.6,3.04,0.62,1856.0,3.84,38.462,-114.979,<1H OCEAN,173.3
5.089,46.8,6.32,1.3,430.0,2.65,41.611,-122.606,<1H OCEAN,252.1
8.506,2.7,11.07,2.13,334.0,3.43,34.762,-119.146,INLAND,337.6
1.403,29.7,2.0,0.56,529.0,1.46,37.676,-122.722,<1H OCEAN,111.4
5.405,41.3,6.01,1.19,652.0,3.77,36.384,-119.862,NEAR BAY,288.4
3.12,13.5,4.04,0.71,1153.0,2.95,37.646,-122.299,<1H OCEAN,186.6
2.102,27.7,2.89,0.56,2757.0,3.42,35.054,-115.938,<1H OCEAN,125.0
4.095,21.7,4.5,0.84,866.0,2.94,37.229,-121.753,INLAND,161.3
4.161,11.0,4.56,0.83,1078.0,4.45,38.436,-120.129,INLAND,183.0
10.913,32.4,12.0,2.56,206.0,3.98,33.272,-120.222,INLAND,437.1
2.157,51.7,2.32,0.47,241.0,0.91,39.558,-115.637,<1H OCEAN,176.7
3.371,19.6,3.84,0.87,305.0,3.44,39.212,-116.722,<1H OCEAN,172.5
3.333,29.2,3.77,0.8,1641.0,2.77,40.864,-123.724,<1H OCEAN,217.2
2.148,17.7,2.7,0.59,999.0,3.47,36.546,-123.629,<1H OCEAN,163.2
1.765,45.7,2.67,0.53,457.0,3.46,33.086,-118.788,NEAR OCEAN,221.9
2.52,45.1,3.36,0.63,1278.0,2.41,36.884,-120.023,<1H OCEAN,211.8
3.052,10.1,3.43,0.82,1144.0,2.91,33.807,-121.544,<1H OCEAN,185.6
1.687,46.9,2.69,0.6,312.0,2.18,38.651,-116.374,INLAND,69.8
5.584,8.7,7.14,1.41,1427.0,4.19,32.948,-123.014,<1H OCEAN,280.4
4.405,5.9,5.78,1.26,1949.0,3.26,36.053,-114.559,NEAR OCEAN,280.1
1.431,34.3,2.2,0.59,605.0,3.35,33.287,-124.059,INLAND,87.1
2.492,20.7,2.73,0.58,1596.0,3.24,32.532,-123.118,<1H OCEAN,199.5
3.524,28.1,3.77,0.91,467.0,2.15,41.625,-121.187,NEAR BAY,239.4
4.923,34.3,5.74,1.1,1896.0,3.51,41.963,-119.209,INLAND,224.9
3.066,3.7,4.17,0.74,3113.0,4.43,37.777,-122.139,INLAND,140.5
4.763,15.9,5.13,0.99,900.0,1.76,34.77,-116.938,NEAR OCEAN,263.9
3.96,24.5,4.09,0.82,537.0,3.06,41.155,-120.725,NEAR OCEAN,271.8
5.089,14.6,5.2,1.2,811.0,3.61,41.269,-123.915,<1H OCEAN,240.0
1.973,3.5,2.0,0.36,545.0,2.4,40.618,-115.523,<1H OCEAN,128.1
4.484,5.4,4.99,1.04,201.0,3.59,37.672,-114.861,<1H OCEAN,220.1
3.127,41.9,3.82,0.87,1461.0,3.04,33.21,-118.114,NEAR OCEAN,235.6
6.043,47.5,6.68,1.38,252.0,2.43,33.34,-116.235,NEAR BAY,313.5
1.944,8.8,2.66,0.48,483.0,0.99,41.018,-123.089,<1H OCEAN,126.8
4.004,13.7,4.83,0.84,1738.0,2.92,40.82,-121.612,<1H OCEAN,209.7
3.387,34.3,3.04,0.73,1515.0,2.94,36.627,-121.048,NEAR OCEAN,265.6
2.935,49.7,3.51,0.6,291.0,4.05,35.617,-114.692,<1H OCEAN,201.9
2.565,16.3,3.15,0.59,1495.0,3.27,38.619,-119.178,<1H OCEAN,164.7
2.686,44.6,4.18,0.84,3401.0,2.58,40.166,-124.226,<1H OCEAN,198.9
7.906,26.8,9.61,2.05,293.0,1.74,39.451,-120.498,<1H OCEAN,393.5
2.884,49.8,2.58,0.61,845.0,3.7,38.348,-124.222,NEAR BAY,183.8
7.579,7.9,9.21,1.86,1769.0,3.09,34.699,-121.922,NEAR BAY,354.2
2.934,50.7,3.61,0.84,1522.0,2.68,34.994,-119.753,<1H OCEAN,212.6
3.601,23.5,4.62,1.07,508.0,2.57,39.379,-121.066,NEAR BAY,195.2
3.255,49.6,5.22,1.0,414.0,3.99,40.125,-123.973,<1H OCEAN,200.0
7.826,24.4,9.12,1.79,2040.0,4.11,33.603,-123.137,NEAR OCEAN,399.1
5.234,28.0,5.95,1.27,3955.0,2.5,34.279,-118.791,<1H OCEAN,285.8
2.416,42.0,3.13,0.8,1951.0,1.16,38.964,-117.344,NEAR OCEAN,214.4
1.186,37.9,2.34,0.4,4163.0,2.83,36.195,-120.255,<1H OCEAN,124.7
2.454,32.6,3.28,0.47,1315.0,3.18,37.851,-116.985,<1H OCEAN,138.6
6.671,22.3,7.83,1.63,3376.0,3.06,38.341,-122.667,NEAR BAY,336.1
1.499,41.4,2.29,0.59,1607.0,1.74,39.874,-123.079,<1H OCEAN,145.5
1.228,49.4,2.37,0.49,3075.0,4.23,40.154,-115.905,ISLAND,143.9
2.121,1.5,2.16,0.7,411.0,1.51,35.161,-120.908,<1H OCEAN,164.9
1.678,31.0,2.0,0.32,2229.0,2.4,37.642,-119.978,<1H OCEAN,126.7
1.862,45.2,2.26,0.38,463.0,2.18,33.673,-114.824,NEAR OCEAN,210.4
0.826,34.3,2.0,0.32,233.0,2.14,40.499,-120.059,INLAND,67.2
3.639,41.8,5.06,1.02,1075.0,1.25,40.532,-124.265,<1H OCEAN,238.1
4.072,46.6,4.65,0.94,660.0,3.05,35.345,-114.92,<1H OCEAN,244.0
2.876,39.3,3.65,0.65,253.0,4.13,34.026,-124.159,INLAND,161.7
1.198,37.6,2.22,0.56,4913.0,2.87,33.166,-117.677,<1H OCEAN,113.4
2.129,50.2,2.67,0.56,1518.0,2.19,37.962,-121.071,INLAND,115.9
3.997,45.0,4.6,0.82,2985.0,4.13,33.369,-119.596,INLAND,192.2
4.317,42.6,5.47,1.15,8593.0,3.67,38.966,-118.827,INLAND,202.2
0.853,5.4,2.0,0.36,797.0,2.32,38.942,-120.215,NEAR BAY,95.9
3.315,13.2,4.15,0.84,553.0,3.26,38.333,-116.556,INLAND,148.4
2.018,29.4,2.33,0.55,444.0,3.86,40.827,-114.993,<1H OCEAN,159.6
3.186,37.2,3.75,0.85,1069.0,2.28,36.094,-123.436,<1H OCEAN,233.6
1.27,16.5,2.0,0.49,1318.0,3.1,41.072,-116.297,INLAND,59.8
0.961,5.8,2.0,0.4,967.0,2.69,32.851,-123.013,<1H OCEAN,114.2
2.829,16.9,3.89,0.68,788.0,2.05,33.571,-123.497,<1H OCEAN,155.4
2.992,40.3,3.69,0.71,421.0,3.13,36.416,-114.742,NEAR OCEAN,239.4
1.802,45.7,2.8,0.56,900.0,3.35,38.143,-119.407,NEAR OCEAN,197.3
7.212,47.6,7.53,1.66,307.0,3.04,32.808,-122.774,INLAND,300.3
1.981,20.3,2.12,0.37,2603.0,2.35,37.891,-118.6,INLAND,96.4
1.957,20.0,2.0,0.42,258.0,4.68,35.42,-121.668,<1H OCEAN,146.6
3.249,21.7,3.77,0.63,775.0,2.61,40.928,-119.657,INLAND,159.3
3.004,20.2,3.09,0.65,327.0,3.45,37.566,-118.053,NEAR OCEAN,235.9
1.987,35.0,2.0,0.4,1990.0,3.65,38.085,-115.607,INLAND,81.9
4.054,19.3,5.2,1.03,650.0,1.01,41.483,-124.269,<1H OCEAN,251.5
4.036,2.0,4.55,0.99,344.0,3.66,39.76,-122.159,INLAND,153.8
3.289,23.4,4.22,0.78,1110.0,3.01,36.664,-123.337,INLAND,138.2
3.62,12.4,3.75,0.89,3176.0,2.79,37.03,-123.329,<1H OCEAN,214.5
3.123,2.5,2.93,0.51,3072.0,2.9,38.655,-114.842,<1H OCEAN,193.9
3.014,25.0,3.74,0.88,545.0,3.47,34.402,-114.939,NEAR OCEAN,221.1
1.285,11.5,2.0,0.24,1726.0,1.17,33.342,-116.807,INLAND,59.7
3.397,24.1,3.77,0.78,237.0,3.03,35.457,-117.869,NEAR OCEAN,263.4
5.287,15.2,5.84,1.23,370.0,3.34,39.895,-115.82,<1H OCEAN,255.0
3.624,31.8,4.97,0.96,1031.0,4.73,34.945,-123.716,<1H OCEAN,164.4
2.644,51.5,3.14,0.66,512.0,1.92,33.742,-123.105,<1H OCEAN,207.8
5.153,28.9,5.68,1.1,2121.0,3.35,34.581,-121.129,INLAND,247.5
3.626,34.0,3.6,0.77,3410.0,2.61,38.95,-115.975,INLAND,140.4
1.97,47.9,2.02,0.43,205.0,3.39,38.333,-119.578,NEAR OCEAN,206.7
5.145,20.1,5.98,1.42,518.0,3.69,39.039,-119.264,INLAND,211.9
2.338,9.5,3.19,0.5,895.0,2.41,35.559,-122.007,ISLAND,153.7
1.549,15.4,2.0,0.42,1194.0,4.56,41.058,-117.816,<1H OCEAN,82.9
1.82,21.5,2.12,0.38,3171.0,4.06,36.792,-115.422,<1H OCEAN,114.7
2.204,33.9,2.19,0.45,2869.0,3.63,37.38,-121.005,<1H OCEAN,174.2
1.237,1.2,2.17,0.42,1417.0,2.71,41.514,-118.108,INLAND,47.8
6.369,44.5,8.13,1.59,557.0,2.56,41.803,-120.981,<1H OCEAN,370.5
0.93,4.9,2.0,0.35,2035.0,3.35,38.785,-116.373,INLAND,52.9
4.341,46.9,5.18,1.11,472.0,2.68,41.476,-119.55,<1H OCEAN,241.9
3.731,49.4,4.68,0.9,4229.0,2.58,37.644,-120.905,<1H OCEAN,253.2
3.589,51.5,3.02,0.6,207.0,4.53,35.419,-120.1,INLAND,218.9
4.029,42.3,4.94,1.01,1212.0,3.44,35.493,-123.388,<1H OCEAN,243.5
2.806,8.2,4.33,0.79,311.0,3.66,37.81,-115.639,NEAR OCEAN,216.9
4.352,37.0,4.93,1.05,828.0,4.5,38.248,-114.719,NEAR OCEAN,310.2
2.96,11.4,3.06,0.52,1409.0,3.07,36.676,-119.526,<1H OCEAN,174.1
2.482,46.8,2.91,0.63,1604.0,2.49,40.896,-122.087,NEAR OCEAN,184.4
1.34,17.1,2.0,0.44,2048.0,2.14,36.554,-117.653,INLAND,78.4
3.823,17.7,4.13,0.81,1280.0,4.08,35.098,-119.776,INLAND,183.0
3.865,47.8,4.77,0.84,547.0,2.7,32.576,-121.777,<1H OCEAN,272.1
3.118,1.7,4.15,0.83,2841.0,0.64,41.72,-123.916,INLAND,104.1
4.878,10.9,5.99,1.09,2200.0,0.87,40.331,-115.403,<1H OCEAN,232.7
5.891,22.5,6.5,1.29,409.0,1.82,38.348,-116.333,<1H OCEAN,289.9
2.269,36.7,2.39,0.56,2302.0,2.7,40.39,-116.01,<1H OCEAN,166.8
4.444,34.0,5.49,1.1,4519.0,2.82,40.198,-119.902,INLAND,215.8
1.323,35.1,2.0,0.53,1417.0,3.42,41.353,-116.767,INLAND,58.6
3.254,45.9,3.8,0.79,597.0,2.09,36.168,-118.488,NEAR BAY,235.8
2.82,7.2,2.94,0.66,1319.0,3.17,37.771,-120.552,INLAND,136.5
4.956,27.6,6.33,1.34,703.0,3.71,33.437,-115.873,NEAR BAY,288.9
2.383,38.0,3.77,0.89,1552.0,2.88,41.67,-114.312,NEAR OCEAN,209.5
6.065,33.4,7.84,1.44,1144.0,2.63,41.859,-115.307,<1H OCEAN,274.7
2.722,23.9,4.26,0.8,3382.0,2.31,39.996,-116.538,INLAND,160.0
1.339,1.9,2.0,0.4,1355.0,3.92,36.814,-116.825,INLAND,43.2
1.001,4.1,2.0,0.48,489.0,1.9,37.217,-117.798,INLAND,57.7
4.697,7.1,6.28,1.27,1750.0,4.26,36.636,-115.764,INLAND,196.0
1.236,18.5,2.0,0.4,630.0,2.98,35.286,-119.369,INLAND,86.8
4.129,7.0,4.54,1.01,582.0,2.17,37.514,-122.483,<1H OCEAN,219.8
4.647,22.7,5.1,0.99,797.0,3.67,33.008,-116.62,INLAND,205.5
1.95,10.1,2.29,0.42,214.0,3.41,41.923,-115.105,<1H OCEAN,139.7
3.681,40.7,3.66,0.79,4374.0,3.33,36.528,-120.886,<1H OCEAN,238.2
7.188,45.4,9.47,2.13,1112.0,3.56,41.31,-116.47,INLAND,299.2
2.86,20.9,2.79,0.56,1982.0,3.13,39.381,-121.563,INLAND,168.6
1.08,27.1,2.0,0.34,558.0,3.37,35.254,-114.874,<1H OCEAN,113.4
2.151,49.6,2.0,0.34,1847.0,4.09,34.609,-117.465,INLAND,137.3
7.7,28.3,10.26,2.02,1205.0,3.16,41.959,-118.607,INLAND,361.0
4.857,51.7,6.45,1.42,862.0,3.66,39.835,-116.501,<1H OCEAN,285.5
1.453,8.2,2.0,0.36,4435.0,1.24,34.872,-116.168,INLAND,44.8
5.807,45.0,7.12,1.45,1017.0,3.26,33.141,-115.376,<1H OCEAN,297.7
5.992,26.4,7.07,1.4,1486.0,5.02,39.121,-115.289,NEAR OCEAN,341.8
2.401,2.2,2.96,0.46,219.0,1.57,35.379,-123.773,<1H OCEAN,154.4
1.306,50.6,2.0,0.37,631.0,4.6,34.603,-123.071,INLAND,101.5
5.524,50.2,6.23,1.0,2835.0,3.58,39.482,-116.039,NEAR BAY,333.7
8.259,20.5,9.88,1.99,1907.0,1.64,38.953,-114.839,NEAR OCEAN,406.1
1.983,49.7,2.0,0.45,1123.0,3.03,37.073,-121.223,NEAR OCEAN,213.5
4.697,8.2,5.68,1.05,2965.0,3.32,41.455,-124.214,<1H OCEAN,256.8
2.015,35.7,2.0,0.35,999.0,3.73,38.957,-121.073,<1H OCEAN,170.7
1.96,10.8,3.01,0.47,1203.0,2.65,40.987,-120.471,INLAND,38.7
3.688,13.6,3.69,0.52,778.0,3.56,34.31,-116.69,<1H OCEAN,200.9
1.819,40.7,2.33,0.32,1361.0,4.11,35.318,-123.824,NEAR BAY,171.6
3.063,20.2,4.09,0.88,661.0,3.71,33.493,-122.174,<1H OCEAN,172.5
6.1,1.4,8.25,1.62,784.0,3.95,35.394,-115.36,<1H OCEAN,271.4
1.141,22.1,2.26,0.47,4269.0,2.64,41.732,-122.752,INLAND,74.6
5.044,12.6,6.75,1.55,342.0,3.55,41.647,-116.708,NEAR OCEAN,307.9
3.521,35.8,4.22,0.94,333.0,4.84,39.724,-120.687,<1H OCEAN,224.1
4.06,10.9,5.43,1.14,253.0,2.14,37.45,-117.673,NEAR BAY,208.2
3.329,44.0,4.13,0.78,663.0,3.34,39.917,-123.562,INLAND,142.0
6.573,14.6,8.07,1.77,809.0,2.11,37.758,-121.434,NEAR OCEAN,383.6
3.93,21.0,4.41,1.0,319.0,4.0,32.533,-120.052,INLAND,240.8
2.53,16.2,3.91,0.87,1156.0,1.42,37.265,-115.728,NEAR OCEAN,171.8
3.529,33.8,3.83,0.77,1250.0,2.55,38.19,-118.665,<1H OCEAN,238.6
2.446,6.2,2.4,0.39,1868.0,4.85,35.025,-123.848,NEAR OCEAN,189.3
2.049,25.4,2.66,0.68,4674.0,2.6,34.431,-116.281,INLAND,108.6
5.77,18.1,6.03,1.29,1359.0,2.95,35.101,-123.755,INLAND,244.1
2.454,46.1,3.0,0.58,342.0,4.0,38.424,-114.956,<1H OCEAN,228.9
0.954,4.7,2.0,0.37,311.0,2.89,33.888,-122.183,INLAND,25.9
4.086,43.3,5.11,0.9,2004.0,1.37,39.343,-119.421,<1H OCEAN,236.0
2.541,9.6,3.07,0.69,1461.0,2.14,36.515,-123.577,<1H OCEAN,160.8
7.279,5.5,8.32,1.68,412.0,4.05,35.857,-118.683,<1H OCEAN,356.9
4.476,11.3,4.62,0.96,551.0,4.18,40.169,-119.328,<1H OCEAN,264.8
7.078,6.2,8.93,1.88,1865.0,1.39,37.308,-120.198,INLAND,297.9
4.979,27.6,5.99,1.27,1202.0,2.24,36.095,-123.944,<1H OCEAN,275.7
5.858,51.4,7.34,1.38,1255.0,2.46,40.842,-115.511,<1H OCEAN,316.6
3.958,2.8,3.65,0.73,483.0,2.7,35.998,-116.274,<1H OCEAN,220.8
5.168,24.5,6.57,1.35,1390.0,2.26,40.661,-117.97,INLAND,212.1
1.87,20.7,3.24,0.7,1967.0,3.08,37.29,-118.578,INLAND,95.4
4.965,18.3,6.63,1.17,2798.0,2.54,34.476,-117.351,<1H OCEAN,258.9
1.288,17.9,2.0,0.3,1801.0,2.66,38.322,-122.86,INLAND,46.2
3.07,46.6,3.16,0.7,1231.0,2.09,35.211,-114.974,<1H OCEAN,241.3
2.212,2.0,2.71,0.61,1542.0,3.63,33.898,-121.453,NEAR OCEAN,160.4
3.701,40.5,4.52,1.06,997.0,1.89,33.322,-117.735,<1H OCEAN,222.6
2.415,13.9,2.65,0.37,509.0,3.31,34.796,-118.232,NEAR OCEAN,166.0
1.323,20.5,2.0,0.49,2767.0,3.8,39.497,-117.934,<1H OCEAN,116.0
1.24,22.4,2.54,0.55,1113.0,4.59,40.461,-115.51,INLAND,76.2
1.403,16.5,2.0,0.29,1283.0,3.4,40.686,-121.341,<1H OCEAN,101.2
3.758,5.8,4.3,0.68,5739.0,3.18,35.066,-116.811,<1H OCEAN,168.6
3.841,6.8,4.89,1.07,5241.0,1.65,38.779,-118.316,INLAND,151.6
2.409,16.2,3.98,0.7,1259.0,4.18,34.688,-123.539,NEAR OCEAN,196.2
4.166,42.9,4.85,0.84,241.0,3.11,38.416,-120.158,INLAND,196.3
2.889,7.9,2.57,0.56,805.0,3.25,40.929,-115.92,INLAND,153.6
3.994,38.9,3.72,0.74,3523.0,3.32,32.888,-121.147,<1H OCEAN,247.6
3.186,15.7,5.08,1.07,608.0,3.09,41.86,-119.477,NEAR BAY,195.1
5.074,46.1,5.13,1.07,8865.0,3.01,40.357,-119.414,NEAR OCEAN,336.4
1.849,22.8,2.26,0.79,306.0,2.71,39.736,-118.12,<1H OCEAN,148.7
0.834,9.8,2.0,0.47,1208.0,3.58,39.068,-115.46,NEAR OCEAN,122.3
2.907,51.3,3.09,0.68,1069.0,1.8,39.818,-122.565,<1H OCEAN,188.6
3.384,10.0,3.74,0.66,554.0,1.78,41.949,-119.254,INLAND,192.8
1.585,29.9,2.0,0.56,3762.0,2.32,39.817,-120.057,INLAND,84.4
1.772,30.0,2.74,0.5,1358.0,4.0,35.84,-121.341,INLAND,95.4
4.408,20.0,5.5,1.01,514.0,3.36,38.332,-115.104,<1H OCEAN,243.2
4.474,49.5,5.16,1.01,782.0,2.49,35.701,-124.218,NEAR BAY,253.4
2.83,44.0,3.11,0.67,1733.0,2.36,41.716,-123.079,NEAR OCEAN,242.0
1.039,43.3,2.0,0.35,624.0,2.94,41.051,-116.967,NEAR OCEAN,140.6
4.311,50.7,5.22,0.96,2740.0,3.32,37.892,-121.666,<1H OCEAN,277.3
3.362,24.3,5.08,0.93,417.0,4.09,39.922,-117.068,<1H OCEAN,198.8
2.24,6.0,2.46,0.51,569.0,4.64,41.142,-115.977,INLAND,116.9
5.379,40.0,6.67,1.39,388.0,2.9,34.814,-121.754,NEAR OCEAN,347.5
0.523,20.4,2.0,0.46,332.0,4.76,38.005,-122.381,NEAR BAY,95.1
3.076,10.7,3.47,0.54,629.0,3.06,37.076,-122.847,<1H OCEAN,165.7
4.343,25.6,5.73,1.06,8726.0,3.24,39.83,-122.299,INLAND,195.6
1.296,48.2,2.14,0.52,319.0,3.78,36.101,-121.628,INLAND,105.5
1.207,9.7,2.37,0.43,487.0,3.9,39.235,-115.613,<1H OCEAN,108.4
7.646,44.3,9.4,1.9,580.0,4.26,36.328,-116.6,<1H OCEAN,364.1
4.444,22.3,5.95,1.45,1358.0,1.97,33.555,-124.282,<1H OCEAN,265.3
6.599,8.0,8.23,1.42,1841.0,3.1,33.518,-115.559,INLAND,285.4
5.163,44.3,5.99,1.18,1873.0,4.0,33.631,-123.512,NEAR OCEAN,301.9
3.798,50.5,3.8,0.83,210.0,2.15,32.809,-117.747,NEAR OCEAN,284.8
8.212,15.9,9.74,1.85,1466.0,1.5,37.563,-122.785,INLAND,357.5
3.563,16.5,3.7,0.73,1395.0,1.81,38.883,-123.677,<1H OCEAN,193.7
2.929,20.9,4.04,0.69,1075.0,2.9,33.704,-116.702,INLAND,107.4
5.166,42.5,6.76,1.41,772.0,4.62,38.313,-119.628,NEAR OCEAN,309.2
5.431,1.5,6.01,1.13,2116.0,1.79,38.179,-118.309,INLAND,216.3
4.115,12.4,5.49,1.06,706.0,2.07,33.897,-120.046,<1H OCEAN,243.2
2.238,37.0,2.1,0.51,514.0,2.6,36.339,-123.628,NEAR BAY,147.4
5.154,21.7,6.91,1.44,645.0,2.21,39.674,-116.904,NEAR OCEAN,291.9
2.211,17.8,2.57,0.61,895.0,2.06,32.659,-116.096,NEAR OCEAN,186.7
3.247,45.5,4.13,1.0,489.0,1.37,33.896,-123.886,NEAR BAY,230.0
1.768,47.8,2.85,0.58,1322.0,2.58,41.96,-120.543,<1H OCEAN,194.0
1.844,49.3,2.51,0.71,2787.0,4.57,39.469,-118.727,NEAR OCEAN,205.0
0.641,14.9,2.0,0.42,1286.0,3.44,36.909,-118.248,INLAND,24.1
2.877,47.5,3.89,0.91,910.0,3.94,38.483,-118.518,<1H OCEAN,187.2
3.867,38.6,4.16,0.83,2113.0,2.52,40.539,-117.371,INLAND,213.0
8.041,8.9,8.69,1.82,1854.0,2.33,40.502,-114.632,INLAND,303.5
2.093,32.1,3.08,0.57,749.0,3.42,35.585,-120.394,<1H OCEAN,163.3
3.315,2.3,3.32,0.8,1312.0,3.07,37.167,-118.734,NEAR BAY,210.8
2.97,37.1,4.02,0.92,1771.0,2.96,38.562,-117.309,<1H OCEAN,195.3
3.954,38.4,4.81,0.94,538.0,4.34,33.183,-118.376,NEAR BAY,217.3
2.624,41.3,3.14,0.64,747.0,2.36,41.485,-120.432,<1H OCEAN,198.6
4.492,9.8,4.92,0.89,334.0,2.25,36.611,-118.059,<1H OCEAN,239.6
1.693,33.0,2.0,0.49,5476.0,3.68,36.023,-117.799,<1H OCEAN,153.6
3.146,10.1,3.78,0.84,308.0,3.57,41.117,-118.45,INLAND,145.5
3.831,49.3,4.7,0.82,422.0,2.16,33.624,-122.249,<1H OCEAN,253.0
5.608,35.4,6.28,1.47,984.0,3.06,32.873,-119.24,NEAR BAY,308.6
4.54,5.9,5.82,1.2,2605.0,1.57,39.008,-115.456,INLAND,199.8
3.104,10.5,4.13,0.8,728.0,3.24,36.158,-115.614,NEAR OCEAN,249.6
1.845,34.8,2.46,0.61,1956.0,2.63,39.763,-116.792,<1H OCEAN,136.0
8.593,25.3,10.09,1.97,1553.0,2.8,33.151,-117.328,INLAND,358.7
2.012,38.6,2.84,0.7,1422.0,2.09,36.146,-122.767,NEAR BAY,177.2
1.379,15.3,2.0,0.28,2437.0,3.96,34.736,-119.705,<1H OCEAN,116.0
2.147,34.6,2.0,0.38,217.0,3.21,39.526,-123.19,<1H OCEAN,138.2
1.193,10.0,2.0,0.39,3377.0,3.79,34.658,-116.127,INLAND,62.4
3.807,28.7,5.53,1.05,2321.0,2.92,36.85,-121.39,NEAR BAY,215.4
3.092,49.8,4.2,0.77,3534.0,3.95,40.279,-116.631,INLAND,206.0
2.717,33.0,3.84,0.72,2093.0,1.51,41.196,-116.154,<1H OCEAN,205.0
2.916,3.5,3.15,0.58,2730.0,3.0,39.365,-115.375,INLAND,142.7
2.232,51.4,2.74,0.5,472.0,3.96,36.578,-116.762,NEAR BAY,181.2
0.771,9.0,2.0,0.54,661.0,1.42,37.934,-118.653,<1H OCEAN,94.3
5.172,37.6,6.21,1.28,654.0,3.1,39.052,-118.318,<1H OCEAN,280.1
2.363,28.2,2.58,0.51,339.0,3.46,40.812,-121.094,<1H OCEAN,150.3
1.229,16.0,2.0,0.48,1769.0,2.69,40.941,-122.53,<1H OCEAN,93.7
