EmployeeID,Age,Department,JobRole,MonthlyIncome,YearsAtCompany,JobSatisfaction,WorkLifeBalance,OverTime,Attrition
EMP-00001,27,Sales,Healthcare Representative,11903.15,11,1,3,No,Yes
EMP-00002,25,Research & Development,Manufacturing Director,23226.1,11,1,4,No,No
EMP-00003,51,Research & Development,Laboratory Technician,5156.98,2,2,3,Yes,Yes
EMP-00004,47,Research & Development,Healthcare Representative,14517.69,5,2,2,No,No
EMP-00005,30,Sales,Sales Executive,1970.45,4,3,2,No,No
EMP-00006,47,Research & Development,Healthcare Representative,6936.98,6,1,1,No,No
EMP-00007,51,Research & Development,Research Scientist,3802.87,7,4,2,No,No
EMP-00008,27,Sales,Research Scientist,7755.88,3,4,3,No,No
EMP-00009,39,Research & Development,Manager,10602.88,16,2,4,Yes,No
EMP-00010,43,Research & Development,Manufacturing Director,1748.5,17,3,3,No,No
EMP-00011,46,Research & Development,Healthcare Representative,13833.06,1,1,1,No,No
EMP-00012,30,Research & Development,Manager,1817.66,8,3,2,No,No
EMP-00013,42,Research & Development,Laboratory Technician,7799.91,1,4,3,Yes,No
EMP-00014,41,Human Resources,Research Scientist,1822.07,1,3,3,No,No
EMP-00015,24,Sales,Sales Executive,10401.9,20,1,4,No,No
EMP-00016,53,Sales,Healthcare Representative,2532.25,8,4,4,Yes,No
EMP-00017,50,Sales,Laboratory Technician,4061.78,3,3,4,Yes,No
EMP-00018,56,Research & Development,Laboratory Technician,13638.39,7,3,3,No,No
EMP-00019,45,Sales,Laboratory Technician,8567.43,12,3,3,No,No
EMP-00020,42,Research & Development,Laboratory Technician,8433.28,13,2,2,No,No
EMP-00021,57,Research & Development,Manager,7984.9,1,3,1,No,No
EMP-00022,57,Research & Development,Research Scientist,5291.96,11,3,1,Yes,No
EMP-00023,51,Research & Development,Manufacturing Director,15111.38,12,4,2,Yes,No
EMP-00024,24,Research & Development,Healthcare Representative,9517.31,6,1,1,Yes,Yes
EMP-00025,44,Sales,Research Scientist,4111.5,5,3,4,Yes,No
EMP-00026,52,Research & Development,Manufacturing Director,7606.29,1,4,3,No,Yes
EMP-00027,26,Research & Development,Laboratory Technician,29714.29,2,2,4,Yes,No
EMP-00028,35,Research & Development,Sales Executive,10715.76,5,4,4,Yes,No
EMP-00029,48,Research & Development,Laboratory Technician,1505.51,13,1,4,Yes,Yes
EMP-00030,34,Sales,Manufacturing Director,7525.39,11,1,4,No,No
EMP-00031,39,Research & Development,Manufacturing Director,11767.3,5,2,3,No,No
EMP-00032,41,Research & Development,Sales Executive,3287.08,10,4,3,Yes,Yes
EMP-00033,29,Sales,Manager,18572.45,9,1,3,Yes,No
EMP-00034,27,Research & Development,Research Scientist,3808.47,6,3,4,No,No
EMP-00035,51,Sales,Manager,3960.41,2,1,4,No,No
EMP-00036,47,Research & Development,Sales Executive,2289.26,3,2,4,No,No
EMP-00037,28,Research & Development,Laboratory Technician,1957.13,2,3,3,Yes,No
EMP-00038,50,Research & Development,Healthcare Representative,4961.2,1,2,3,No,Yes
EMP-00039,42,Research & Development,Research Scientist,5654.64,1,2,4,No,No
EMP-00040,38,Sales,Healthcare Representative,3557.05,9,3,4,No,No
EMP-00041,51,Research & Development,Healthcare Representative,5698.29,1,4,3,No,No
EMP-00042,29,Research & Development,Research Scientist,3758.92,4,1,3,No,Yes
EMP-00043,39,Sales,Laboratory Technician,10618.6,27,3,4,No,No
EMP-00044,54,Research & Development,Manager,15338.74,10,2,3,No,No
EMP-00045,50,Sales,Manufacturing Director,5551.22,9,3,4,No,No
EMP-00046,30,Research & Development,Laboratory Technician,9811.05,2,4,2,No,No
EMP-00047,59,Sales,Manager,10150.71,7,4,3,No,No
EMP-00048,29,Research & Development,Manufacturing Director,7129.2,5,2,3,No,No
EMP-00049,28,Sales,Manufacturing Director,2459.38,7,3,3,No,Yes
EMP-00050,29,Research & Development,Research Scientist,2257.55,4,3,2,No,No
EMP-00051,56,Research & Development,Research Scientist,12836.86,5,4,2,No,No
EMP-00052,56,Research & Development,Sales Executive,2885.86,28,4,4,No,No
EMP-00053,26,Research & Development,Manager,2772.61,3,3,2,No,No
EMP-00054,39,Sales,Healthcare Representative,2317.54,2,4,2,No,No
EMP-00055,39,Sales,Healthcare Representative,4873.29,4,4,3,No,No
EMP-00056,27,Human Resources,Healthcare Representative,6585.43,5,3,3,No,No
EMP-00057,36,Research & Development,Healthcare Representative,6573.8,1,3,4,No,No
EMP-00058,57,Research & Development,Sales Executive,2861.38,11,3,3,No,No
EMP-00059,44,Research & Development,Manufacturing Director,1948.12,4,3,3,No,No
EMP-00060,32,Sales,Sales Executive,3171.15,4,3,3,Yes,No
EMP-00061,32,Research & Development,Manager,4650.18,7,3,4,No,No
EMP-00062,21,Sales,Research Scientist,5765.48,10,1,2,Yes,Yes
EMP-00063,56,Sales,Laboratory Technician,18174.45,27,4,3,No,No
EMP-00064,30,Sales,Manufacturing Director,2410.4,2,4,4,No,No
EMP-00065,39,Research & Development,Manufacturing Director,9791.15,3,1,3,No,No
EMP-00066,28,Research & Development,Sales Executive,10281.33,2,4,3,Yes,No
EMP-00067,48,Sales,Research Scientist,2978.0,14,3,2,No,No
EMP-00068,53,Sales,Research Scientist,5195.57,5,3,3,Yes,No
EMP-00069,24,Sales,Manager,4107.79,12,3,2,No,No
EMP-00070,50,Research & Development,Manufacturing Director,2189.01,26,3,2,No,No
EMP-00071,45,Research & Development,Sales Executive,14204.53,5,3,3,No,No
EMP-00072,56,Research & Development,Healthcare Representative,1544.24,1,4,4,Yes,No
EMP-00073,39,Research & Development,Manufacturing Director,2434.8,3,3,2,Yes,Yes
EMP-00074,27,Research & Development,Healthcare Representative,3407.92,1,3,2,No,No
EMP-00075,25,Sales,Laboratory Technician,10235.18,12,3,2,Yes,No
EMP-00076,37,Sales,Research Scientist,8494.16,1,4,3,No,No
EMP-00077,27,Research & Development,Manufacturing Director,5402.51,6,1,3,No,No
EMP-00078,44,Research & Development,Laboratory Technician,6843.8,1,3,3,No,No
EMP-00079,21,Research & Development,Healthcare Representative,3376.04,1,4,4,No,No
EMP-00080,47,Sales,Manufacturing Director,14201.15,2,4,2,Yes,No
EMP-00081,44,Human Resources,Laboratory Technician,1622.19,5,4,3,No,No
EMP-00082,39,Sales,Manufacturing Director,1978.77,1,1,1,No,Yes
EMP-00083,25,Sales,Laboratory Technician,13189.56,6,4,2,Yes,No
EMP-00084,56,Research & Development,Laboratory Technician,14556.13,7,4,2,No,No
EMP-00085,35,Sales,Healthcare Representative,4535.09,22,4,2,Yes,No
EMP-00086,54,Sales,Research Scientist,5365.99,15,3,3,No,Yes
EMP-00087,55,Sales,Sales Executive,11977.31,6,1,1,No,Yes
EMP-00088,20,Sales,Laboratory Technician,10141.27,10,3,2,Yes,No
EMP-00089,33,Sales,Research Scientist,10410.69,3,3,2,Yes,No
EMP-00090,33,Sales,Manager,3591.93,6,3,2,Yes,Yes
EMP-00091,43,Research & Development,Sales Executive,9488.33,4,4,2,Yes,No
EMP-00092,38,Research & Development,Healthcare Representative,1823.23,3,3,2,No,No
EMP-00093,57,Research & Development,Manufacturing Director,4503.35,9,2,4,No,No
EMP-00094,37,Research & Development,Research Scientist,2719.64,3,3,3,Yes,No
EMP-00095,28,Sales,Manufacturing Director,1664.04,3,1,3,Yes,No
EMP-00096,32,Sales,Manufacturing Director,5821.22,3,1,4,No,No
EMP-00097,38,Research & Development,Sales Executive,1856.57,13,3,3,No,No
EMP-00098,29,Research & Development,Manager,2076.06,2,4,3,No,No
EMP-00099,57,Sales,Research Scientist,1883.76,3,4,3,No,No
EMP-00100,22,Human Resources,Laboratory Technician,18108.53,14,3,3,No,No
EMP-00101,36,Research & Development,Manager,1680.13,1,4,4,Yes,No
EMP-00102,42,Sales,Sales Executive,2914.7,19,1,2,Yes,No
EMP-00103,46,Human Resources,Research Scientist,6249.97,15,4,2,No,No
EMP-00104,28,Research & Development,Laboratory Technician,9301.98,4,4,1,No,No
EMP-00105,24,Human Resources,Manufacturing Director,5716.56,7,3,4,No,No
EMP-00106,38,Sales,Healthcare Representative,18378.73,30,1,3,Yes,Yes
EMP-00107,48,Sales,Healthcare Representative,3354.22,5,3,4,No,No
EMP-00108,34,Research & Development,Sales Executive,4374.01,1,2,3,No,No
EMP-00109,55,Sales,Manager,9249.25,12,3,3,No,No
EMP-00110,31,Sales,Laboratory Technician,6651.39,1,2,3,Yes,No
EMP-00111,33,Research & Development,Laboratory Technician,2583.98,2,3,3,Yes,Yes
EMP-00112,34,Sales,Healthcare Representative,4607.19,13,2,3,Yes,No
EMP-00113,50,Research & Development,Laboratory Technician,18276.03,2,2,3,No,No
EMP-00114,24,Research & Development,Research Scientist,10445.75,9,2,3,No,No
EMP-00115,22,Research & Development,Research Scientist,2458.27,4,1,2,No,No
EMP-00116,49,Research & Development,Healthcare Representative,2391.85,9,4,3,Yes,No
EMP-00117,31,Research & Development,Manufacturing Director,9431.51,2,2,3,No,No
EMP-00118,34,Research & Development,Manufacturing Director,2497.93,4,3,4,No,Yes
EMP-00119,57,Research & Development,Manufacturing Director,4213.15,3,3,4,Yes,Yes
EMP-00120,47,Research & Development,Healthcare Representative,2397.19,2,1,3,Yes,No
EMP-00121,42,Sales,Sales Executive,1566.47,3,2,1,No,No
EMP-00122,34,Sales,Laboratory Technician,10872.04,3,3,4,No,No
EMP-00123,30,Sales,Research Scientist,8293.26,20,4,1,No,No
EMP-00124,49,Research & Development,Manager,4361.95,5,3,3,No,No
EMP-00125,31,Research & Development,Research Scientist,2282.34,4,3,1,No,No
EMP-00126,38,Sales,Manager,8889.24,5,4,3,No,No
EMP-00127,51,Sales,Sales Executive,3503.85,35,4,3,Yes,No
EMP-00128,20,Research & Development,Laboratory Technician,6380.52,7,4,3,No,No
EMP-00129,35,Research & Development,Manufacturing Director,3213.66,8,3,4,No,No
EMP-00130,30,Research & Development,Manager,4047.63,3,2,3,No,No
EMP-00131,50,Research & Development,Research Scientist,4950.3,4,4,3,No,No
EMP-00132,52,Sales,Manufacturing Director,7959.99,2,1,3,No,No
EMP-00133,55,Human Resources,Manufacturing Director,9528.9,8,3,1,No,No
EMP-00134,49,Sales,Healthcare Representative,4137.77,3,3,3,Yes,No
EMP-00135,57,Research & Development,Healthcare Representative,2693.94,9,3,3,No,No
EMP-00136,23,Research & Development,Laboratory Technician,2250.7,2,4,3,No,No
EMP-00137,44,Research & Development,Research Scientist,3374.92,4,2,3,No,Yes
EMP-00138,53,Research & Development,Healthcare Representative,8782.78,4,4,3,No,No
EMP-00139,36,Research & Development,Laboratory Technician,2940.81,2,2,3,No,No
EMP-00140,52,Research & Development,Sales Executive,1719.09,1,1,3,Yes,Yes
EMP-00141,49,Research & Development,Manufacturing Director,5238.36,3,3,3,Yes,No
EMP-00142,32,Sales,Research Scientist,1653.86,5,4,4,No,No
EMP-00143,31,Research & Development,Research Scientist,11229.78,7,3,3,Yes,No
EMP-00144,51,Sales,Laboratory Technician,6600.26,4,3,1,No,No
EMP-00145,42,Research & Development,Healthcare Representative,2835.83,5,3,3,Yes,Yes
EMP-00146,48,Research & Development,Manufacturing Director,4349.25,5,1,3,No,Yes
EMP-00147,53,Research & Development,Manufacturing Director,7548.3,5,3,1,No,No
EMP-00148,38,Research & Development,Research Scientist,12629.32,1,3,3,No,No
EMP-00149,31,Research & Development,Research Scientist,10837.87,4,4,3,No,No
EMP-00150,23,Research & Development,Manufacturing Director,1824.3,2,2,3,Yes,Yes
EMP-00151,44,Sales,Sales Executive,1880.8,5,2,4,Yes,Yes
EMP-00152,45,Research & Development,Laboratory Technician,5597.77,9,3,4,Yes,No
EMP-00153,37,Human Resources,Sales Executive,4587.74,6,3,2,Yes,No
EMP-00154,49,Research & Development,Healthcare Representative,3059.86,2,3,3,Yes,No
EMP-00155,53,Research & Development,Sales Executive,18316.23,2,2,3,No,No
EMP-00156,52,Research & Development,Sales Executive,7671.63,1,1,2,Yes,No
EMP-00157,50,Sales,Healthcare Representative,6731.55,4,4,2,No,No
EMP-00158,50,Research & Development,Manager,2400.33,4,3,2,Yes,No
EMP-00159,32,Research & Development,Manager,3002.9,2,3,2,No,No
EMP-00160,43,Research & Development,Laboratory Technician,19645.64,9,3,4,Yes,No
EMP-00161,24,Research & Development,Manufacturing Director,8644.47,4,3,2,No,No
EMP-00162,20,Research & Development,Sales Executive,13535.36,7,4,2,No,No
EMP-00163,53,Research & Development,Laboratory Technician,6883.91,7,3,2,No,No
EMP-00164,28,Sales,Healthcare Representative,3940.71,6,2,3,No,No
EMP-00165,27,Sales,Manager,6786.0,15,3,2,No,No
EMP-00166,55,Research & Development,Laboratory Technician,1822.58,1,2,1,No,No
EMP-00167,48,Sales,Manager,5624.24,1,3,3,No,No
EMP-00168,54,Sales,Sales Executive,11626.03,8,3,2,Yes,No
EMP-00169,24,Research & Development,Manufacturing Director,6059.42,3,1,3,No,No
EMP-00170,29,Research & Development,Healthcare Representative,1534.06,27,4,3,No,No
EMP-00171,57,Research & Development,Healthcare Representative,6836.41,2,2,1,No,No
EMP-00172,29,Research & Development,Sales Executive,7333.12,2,4,1,No,Yes
EMP-00173,30,Sales,Manager,5006.42,6,2,2,Yes,No
EMP-00174,27,Sales,Laboratory Technician,9119.85,3,4,4,No,Yes
EMP-00175,23,Research & Development,Manufacturing Director,2517.05,3,3,2,Yes,Yes
EMP-00176,37,Research & Development,Healthcare Representative,3866.57,16,1,4,Yes,No
EMP-00177,39,Research & Development,Sales Executive,8916.48,1,1,4,No,No
EMP-00178,22,Sales,Sales Executive,5665.01,5,1,3,No,No
EMP-00179,34,Research & Development,Research Scientist,24804.61,3,1,3,No,Yes
EMP-00180,27,Research & Development,Manager,1823.01,3,2,3,Yes,No
EMP-00181,25,Sales,Research Scientist,2760.56,2,2,3,No,No
EMP-00182,55,Sales,Laboratory Technician,2499.23,1,1,3,Yes,No
EMP-00183,39,Research & Development,Sales Executive,18357.81,1,3,3,No,No
EMP-00184,51,Sales,Manager,10655.54,28,3,1,No,No
EMP-00185,25,Research & Development,Laboratory Technician,2142.86,7,3,3,No,No
EMP-00186,35,Sales,Laboratory Technician,3464.94,10,2,3,No,No
EMP-00187,21,Sales,Manufacturing Director,1743.14,1,4,2,No,No
EMP-00188,37,Research & Development,Research Scientist,6005.47,1,3,4,No,No
EMP-00189,45,Sales,Laboratory Technician,3310.18,6,3,2,No,No
EMP-00190,39,Sales,Manufacturing Director,2840.19,8,1,4,No,No
EMP-00191,35,Research & Development,Manufacturing Director,4832.18,4,3,3,No,No
EMP-00192,40,Sales,Manager,8643.48,4,3,3,No,No
EMP-00193,33,Research & Development,Research Scientist,3828.19,3,4,4,No,No
EMP-00194,37,Research & Development,Research Scientist,7874.44,2,4,4,No,No
EMP-00195,27,Sales,Sales Executive,4158.73,9,3,2,Yes,No
EMP-00196,24,Sales,Laboratory Technician,18841.77,2,4,3,Yes,No
EMP-00197,43,Research & Development,Manufacturing Director,4159.33,3,3,1,No,No
EMP-00198,48,Research & Development,Sales Executive,4975.39,7,1,3,Yes,Yes
EMP-00199,28,Research & Development,Manager,4286.02,1,4,4,No,No
EMP-00200,37,Research & Development,Laboratory Technician,2942.93,9,2,2,Yes,No
EMP-00201,37,Sales,Laboratory Technician,2421.12,15,3,1,No,No
EMP-00202,47,Research & Development,Sales Executive,14714.53,1,1,3,No,No
EMP-00203,56,Research & Development,Manufacturing Director,3088.91,6,2,3,No,No
EMP-00204,29,Sales,Sales Executive,6999.15,4,3,3,No,No
EMP-00205,39,Sales,Laboratory Technician,3374.56,1,2,3,Yes,Yes
EMP-00206,57,Research & Development,Sales Executive,17226.28,8,3,3,No,No
EMP-00207,42,Human Resources,Sales Executive,21508.59,6,3,3,No,No
EMP-00208,39,Sales,Manager,9345.84,7,4,3,Yes,No
EMP-00209,42,Research & Development,Laboratory Technician,5419.57,11,3,4,No,No
EMP-00210,24,Sales,Research Scientist,5014.65,3,4,4,No,Yes
EMP-00211,46,Research & Development,Manager,3295.18,7,4,3,No,No
EMP-00212,28,Sales,Manufacturing Director,2085.64,9,2,2,No,No
EMP-00213,55,Research & Development,Laboratory Technician,1870.63,2,4,3,No,No
EMP-00214,59,Research & Development,Manager,4318.46,20,3,4,No,No
EMP-00215,56,Human Resources,Manager,24451.65,3,1,3,No,Yes
EMP-00216,22,Research & Development,Research Scientist,2775.88,8,1,4,No,No
EMP-00217,55,Research & Development,Sales Executive,3881.62,9,4,3,Yes,No
EMP-00218,54,Sales,Research Scientist,6115.21,5,2,4,No,No
EMP-00219,55,Sales,Laboratory Technician,3445.89,1,1,1,No,No
EMP-00220,48,Research & Development,Manager,1516.36,2,3,3,No,No
EMP-00221,52,Research & Development,Manager,3770.43,2,2,3,No,No
EMP-00222,45,Research & Development,Laboratory Technician,8848.13,5,3,4,No,No
EMP-00223,27,Sales,Sales Executive,14467.6,2,1,3,No,No
EMP-00224,28,Research & Development,Manager,2947.69,5,1,2,No,No
EMP-00225,41,Sales,Laboratory Technician,12959.31,3,3,4,Yes,Yes
EMP-00226,24,Research & Development,Healthcare Representative,10583.36,1,3,3,No,No
EMP-00227,55,Sales,Research Scientist,3849.43,3,4,2,No,No
EMP-00228,51,Research & Development,Healthcare Representative,1521.1,6,3,3,No,Yes
EMP-00229,49,Sales,Healthcare Representative,9885.89,10,4,3,No,No
EMP-00230,36,Research & Development,Research Scientist,3020.8,1,2,3,No,Yes
EMP-00231,49,Research & Development,Laboratory Technician,7845.55,2,3,4,No,No
EMP-00232,28,Research & Development,Research Scientist,5313.74,27,3,3,No,No
EMP-00233,23,Human Resources,Sales Executive,2627.69,2,4,3,Yes,No
EMP-00234,31,Sales,Healthcare Representative,6201.27,10,4,2,No,No
EMP-00235,54,Research & Development,Manager,8013.71,5,3,3,Yes,Yes
EMP-00236,39,Research & Development,Healthcare Representative,4394.85,1,3,2,Yes,No
EMP-00237,36,Sales,Laboratory Technician,7700.87,7,4,2,No,No
EMP-00238,41,Research & Development,Research Scientist,3836.16,21,2,2,No,Yes
EMP-00239,26,Research & Development,Manager,19161.07,14,1,1,No,No
EMP-00240,58,Research & Development,Manufacturing Director,2733.83,8,3,2,No,No
EMP-00241,27,Research & Development,Manager,8269.91,5,2,3,No,No
EMP-00242,28,Research & Development,Laboratory Technician,7731.17,3,3,2,No,No
EMP-00243,25,Sales,Laboratory Technician,4892.27,3,4,2,No,No
EMP-00244,38,Research & Development,Laboratory Technician,3440.87,3,2,4,No,No
EMP-00245,41,Sales,Research Scientist,4155.71,16,4,3,No,No
EMP-00246,39,Research & Development,Laboratory Technician,5967.91,2,2,3,No,No
EMP-00247,39,Human Resources,Sales Executive,4900.95,3,2,2,No,No
EMP-00248,46,Research & Development,Sales Executive,21382.81,4,2,3,Yes,Yes
EMP-00249,46,Research & Development,Healthcare Representative,3513.09,4,3,3,Yes,Yes
EMP-00250,26,Research & Development,Healthcare Representative,2010.49,1,2,3,Yes,No
EMP-00251,43,Research & Development,Research Scientist,4669.8,2,4,3,No,No
EMP-00252,27,Research & Development,Manufacturing Director,2848.97,5,3,3,No,No
EMP-00253,22,Sales,Healthcare Representative,5814.49,9,3,4,No,No
EMP-00254,30,Sales,Healthcare Representative,4805.89,6,1,4,No,No
EMP-00255,55,Research & Development,Healthcare Representative,8288.05,3,1,2,No,Yes
EMP-00256,21,Research & Development,Manager,5352.9,7,3,3,Yes,No
EMP-00257,20,Research & Development,Healthcare Representative,4035.54,7,4,1,No,No
EMP-00258,26,Research & Development,Laboratory Technician,2074.51,2,3,3,Yes,Yes
EMP-00259,43,Research & Development,Healthcare Representative,2075.97,1,3,3,No,No
EMP-00260,31,Research & Development,Manager,6101.82,11,4,3,No,No
EMP-00261,27,Sales,Research Scientist,11069.52,5,2,3,No,No
EMP-00262,32,Research & Development,Manager,3911.01,2,3,3,No,No
EMP-00263,25,Sales,Laboratory Technician,4905.16,2,3,3,No,No
EMP-00264,58,Research & Development,Manager,5525.52,9,2,1,No,No
EMP-00265,43,Sales,Laboratory Technician,4419.34,7,4,3,Yes,No
EMP-00266,43,Research & Development,Research Scientist,1776.35,18,3,4,No,No
EMP-00267,57,Sales,Manufacturing Director,5502.75,4,1,1,Yes,Yes
EMP-00268,26,Sales,Healthcare Representative,2163.57,1,2,2,No,No
EMP-00269,29,Research & Development,Sales Executive,5151.7,8,3,3,No,No
EMP-00270,49,Sales,Manufacturing Director,8220.0,2,3,3,No,No
EMP-00271,58,Research & Development,Healthcare Representative,1524.58,3,4,3,No,No
EMP-00272,43,Research & Development,Sales Executive,4033.3,2,3,3,Yes,No
EMP-00273,46,Research & Development,Laboratory Technician,7661.41,3,3,4,Yes,No
EMP-00274,49,Research & Development,Manager,4883.61,11,2,4,Yes,No
EMP-00275,34,Research & Development,Laboratory Technician,2707.26,6,1,2,Yes,Yes
EMP-00276,21,Sales,Laboratory Technician,6881.54,1,3,3,No,Yes
EMP-00277,27,Research & Development,Healthcare Representative,8385.17,6,4,3,No,No
EMP-00278,36,Research & Development,Research Scientist,3526.08,7,3,2,No,Yes
EMP-00279,32,Sales,Laboratory Technician,3088.36,14,3,3,No,No
EMP-00280,37,Sales,Laboratory Technician,5044.93,13,3,3,No,No
EMP-00281,40,Research & Development,Laboratory Technician,3546.59,1,3,4,No,Yes
EMP-00282,55,Research & Development,Manager,9633.77,13,1,4,Yes,No
EMP-00283,31,Research & Development,Healthcare Representative,8294.19,1,4,1,No,No
EMP-00284,21,Research & Development,Sales Executive,3182.12,2,3,3,Yes,No
EMP-00285,39,Research & Development,Manufacturing Director,4247.73,1,3,3,No,Yes
EMP-00286,42,Research & Development,Laboratory Technician,11411.84,2,3,2,No,Yes
EMP-00287,40,Research & Development,Manufacturing Director,2217.47,11,2,3,No,No
EMP-00288,50,Sales,Research Scientist,7815.15,8,3,4,Yes,Yes
EMP-00289,35,Sales,Research Scientist,3214.38,8,3,3,No,No
EMP-00290,32,Research & Development,Research Scientist,2072.58,16,2,4,No,No
EMP-00291,23,Research & Development,Laboratory Technician,2059.83,4,4,3,No,No
EMP-00292,21,Research & Development,Manufacturing Director,2955.12,1,3,3,No,No
EMP-00293,20,Research & Development,Sales Executive,5074.12,7,4,2,No,No
EMP-00294,45,Sales,Healthcare Representative,12231.47,13,4,1,Yes,No
EMP-00295,49,Sales,Manufacturing Director,3124.33,24,3,3,No,No
EMP-00296,57,Research & Development,Healthcare Representative,2499.8,3,2,3,No,No
EMP-00297,39,Sales,Manufacturing Director,4431.04,11,4,3,Yes,No
EMP-00298,44,Sales,Laboratory Technician,2266.57,12,3,3,No,No
EMP-00299,38,Research & Development,Sales Executive,2926.63,1,3,4,No,No
EMP-00300,46,Research & Development,Laboratory Technician,20916.76,7,1,2,Yes,Yes
EMP-00301,29,Research & Development,Research Scientist,5174.52,2,3,3,Yes,Yes
EMP-00302,36,Research & Development,Sales Executive,8394.27,4,3,3,Yes,Yes
EMP-00303,21,Human Resources,Manager,2571.07,14,2,2,Yes,Yes
EMP-00304,36,Sales,Manager,23066.7,10,4,4,Yes,No
EMP-00305,26,Research & Development,Manufacturing Director,4714.94,6,3,3,Yes,No
EMP-00306,35,Research & Development,Laboratory Technician,9036.92,11,3,1,Yes,No
EMP-00307,46,Sales,Healthcare Representative,1598.13,2,3,4,Yes,No
EMP-00308,20,Research & Development,Laboratory Technician,10362.95,2,1,4,No,No
EMP-00309,41,Research & Development,Laboratory Technician,1873.24,2,4,3,No,No
EMP-00310,41,Research & Development,Manufacturing Director,12678.28,10,2,3,No,No
EMP-00311,46,Research & Development,Manufacturing Director,2193.59,14,4,4,No,No
EMP-00312,35,Research & Development,Research Scientist,4919.08,6,3,2,Yes,No
EMP-00313,55,Research & Development,Sales Executive,1971.08,20,2,3,No,No
EMP-00314,35,Research & Development,Laboratory Technician,4167.34,9,3,2,No,No
EMP-00315,43,Research & Development,Healthcare Representative,3100.4,6,4,3,No,No
EMP-00316,54,Research & Development,Manager,3952.01,6,3,4,No,No
EMP-00317,52,Research & Development,Manager,5043.89,12,3,3,No,No
EMP-00318,36,Research & Development,Manufacturing Director,4268.16,1,2,3,No,No
EMP-00319,24,Research & Development,Manufacturing Director,1605.46,2,4,3,No,No
EMP-00320,54,Sales,Research Scientist,10459.89,2,2,4,No,No
EMP-00321,38,Research & Development,Sales Executive,1948.96,14,3,3,No,No
EMP-00322,53,Research & Development,Manager,19247.53,18,1,1,Yes,No
EMP-00323,51,Research & Development,Research Scientist,10076.77,3,2,3,No,No
EMP-00324,44,Sales,Manufacturing Director,5208.5,16,3,3,No,No
EMP-00325,41,Research & Development,Healthcare Representative,2765.82,5,2,2,No,No
EMP-00326,58,Human Resources,Research Scientist,1905.87,4,4,4,Yes,No
EMP-00327,46,Research & Development,Laboratory Technician,6514.08,12,3,3,Yes,No
EMP-00328,52,Research & Development,Manufacturing Director,2512.64,5,4,4,Yes,Yes
EMP-00329,27,Research & Development,Manufacturing Director,7445.99,4,3,3,No,No
EMP-00330,49,Research & Development,Research Scientist,9540.7,1,1,1,Yes,No
EMP-00331,45,Sales,Healthcare Representative,21780.13,1,3,1,Yes,No
EMP-00332,34,Research & Development,Research Scientist,4657.26,7,2,4,No,No
EMP-00333,55,Research & Development,Healthcare Representative,18041.3,1,3,1,No,No
EMP-00334,31,Research & Development,Manufacturing Director,2227.74,9,3,3,No,No
EMP-00335,31,Research & Development,Research Scientist,9642.28,6,4,2,No,No
EMP-00336,23,Research & Development,Sales Executive,3506.9,4,1,3,No,Yes
EMP-00337,22,Research & Development,Manager,3542.26,8,4,2,Yes,No
EMP-00338,56,Research & Development,Research Scientist,2907.87,31,3,1,No,No
EMP-00339,57,Sales,Research Scientist,2357.01,2,3,3,No,No
EMP-00340,51,Research & Development,Sales Executive,4127.03,6,2,2,Yes,No
EMP-00341,45,Research & Development,Sales Executive,21143.01,12,3,3,No,No
EMP-00342,23,Research & Development,Laboratory Technician,3301.52,1,4,3,No,No
EMP-00343,20,Sales,Sales Executive,4281.86,2,4,3,No,No
EMP-00344,24,Research & Development,Healthcare Representative,2667.41,5,3,2,Yes,Yes
EMP-00345,21,Research & Development,Manager,3350.23,5,3,3,No,No
EMP-00346,30,Research & Development,Manager,1755.24,1,2,4,No,No
EMP-00347,28,Sales,Laboratory Technician,15559.58,4,4,3,No,No
EMP-00348,27,Research & Development,Healthcare Representative,4708.26,5,3,3,No,No
EMP-00349,58,Research & Development,Laboratory Technician,7441.46,4,4,4,No,No
EMP-00350,34,Research & Development,Laboratory Technician,4740.39,8,3,4,No,No
EMP-00351,28,Research & Development,Manager,8117.4,10,2,3,Yes,No
EMP-00352,49,Research & Development,Healthcare Representative,4936.94,4,3,4,No,No
EMP-00353,48,Research & Development,Manufacturing Director,6941.11,4,3,1,No,Yes
EMP-00354,44,Research & Development,Manager,6695.48,8,2,4,No,No
EMP-00355,41,Research & Development,Manufacturing Director,4931.85,5,2,2,No,No
EMP-00356,53,Research & Development,Research Scientist,2679.57,13,4,3,No,Yes
EMP-00357,41,Sales,Manufacturing Director,2571.29,5,1,4,No,No
EMP-00358,49,Sales,Manager,10832.54,6,4,2,Yes,No
EMP-00359,29,Research & Development,Research Scientist,2078.76,1,2,2,No,No
EMP-00360,24,Sales,Manufacturing Director,5186.66,12,4,3,No,No
EMP-00361,24,Sales,Research Scientist,4642.04,4,4,3,No,No
EMP-00362,21,Research & Development,Manager,8706.62,8,3,1,No,No
EMP-00363,49,Sales,Research Scientist,2154.66,4,4,3,No,Yes
EMP-00364,41,Research & Development,Manager,6731.27,1,4,3,No,No
EMP-00365,32,Research & Development,Sales Executive,5689.62,4,1,2,No,No
EMP-00366,58,Research & Development,Manager,6935.86,1,4,3,No,No
EMP-00367,44,Sales,Research Scientist,5868.67,4,1,2,No,No
EMP-00368,46,Research & Development,Manager,5220.54,3,2,2,No,No
EMP-00369,46,Sales,Manager,13232.95,2,3,3,No,No
EMP-00370,40,Research & Development,Healthcare Representative,3429.24,1,1,4,No,No
EMP-00371,50,Research & Development,Healthcare Representative,2418.83,9,2,3,No,No
EMP-00372,34,Research & Development,Research Scientist,8640.28,9,4,1,No,No
EMP-00373,57,Sales,Healthcare Representative,2125.08,2,4,3,No,No
EMP-00374,58,Sales,Manufacturing Director,6623.56,5,4,4,No,No
EMP-00375,55,Human Resources,Healthcare Representative,5088.89,4,3,3,No,No
EMP-00376,55,Research & Development,Sales Executive,1505.78,3,4,3,Yes,Yes
EMP-00377,20,Research & Development,Healthcare Representative,2734.15,3,1,4,No,No
EMP-00378,30,Research & Development,Manufacturing Director,4582.45,2,4,3,No,No
EMP-00379,24,Research & Development,Manager,3300.23,13,3,4,No,No
EMP-00380,53,Sales,Manufacturing Director,4005.06,12,4,3,No,No
EMP-00381,56,Research & Development,Research Scientist,22502.79,4,3,2,No,No
EMP-00382,24,Research & Development,Laboratory Technician,7405.78,8,4,2,No,No
EMP-00383,39,Research & Development,Manufacturing Director,2237.73,5,4,3,No,No
EMP-00384,32,Research & Development,Research Scientist,2996.51,1,4,3,No,No
EMP-00385,28,Sales,Research Scientist,6053.77,11,3,3,Yes,Yes
EMP-00386,24,Research & Development,Healthcare Representative,5495.11,2,4,1,No,No
EMP-00387,57,Research & Development,Healthcare Representative,7507.61,8,4,4,No,No
EMP-00388,51,Sales,Research Scientist,6103.81,5,2,4,No,No
EMP-00389,49,Sales,Manager,3303.16,8,3,3,No,No
EMP-00390,47,Research & Development,Sales Executive,4612.29,4,1,3,No,Yes
EMP-00391,56,Research & Development,Manager,11222.61,8,4,2,No,No
EMP-00392,47,Sales,Research Scientist,2426.57,1,1,3,No,Yes
EMP-00393,25,Sales,Healthcare Representative,3627.6,1,4,3,No,No
EMP-00394,48,Human Resources,Manufacturing Director,9795.5,14,3,3,Yes,No
EMP-00395,23,Sales,Sales Executive,3537.88,9,2,3,No,No
EMP-00396,37,Sales,Laboratory Technician,3891.35,11,4,3,No,No
EMP-00397,34,Research & Development,Manager,3230.34,4,1,2,No,No
EMP-00398,44,Sales,Manufacturing Director,11840.33,4,3,1,Yes,No
EMP-00399,23,Research & Development,Healthcare Representative,6399.08,5,4,4,No,No
EMP-00400,33,Research & Development,Manufacturing Director,2553.8,2,2,1,No,No
EMP-00401,36,Research & Development,Manufacturing Director,7731.75,9,3,2,No,No
EMP-00402,53,Research & Development,Healthcare Representative,20350.21,11,4,3,Yes,No
EMP-00403,38,Research & Development,Manufacturing Director,3771.86,15,4,2,No,No
EMP-00404,48,Sales,Research Scientist,12324.26,5,1,3,No,No
EMP-00405,41,Research & Development,Manager,6767.21,4,2,3,Yes,No
EMP-00406,33,Research & Development,Sales Executive,8589.75,11,3,2,No,No
EMP-00407,55,Research & Development,Manager,13552.02,9,3,1,Yes,No
EMP-00408,21,Research & Development,Healthcare Representative,8203.49,13,3,2,No,No
EMP-00409,26,Research & Development,Sales Executive,1917.4,7,2,3,No,No
EMP-00410,47,Research & Development,Research Scientist,2679.9,14,3,4,No,No
EMP-00411,27,Sales,Healthcare Representative,4619.11,1,4,2,No,No
EMP-00412,48,Sales,Research Scientist,1562.8,8,2,3,Yes,No
EMP-00413,29,Research & Development,Laboratory Technician,5908.9,1,2,3,Yes,Yes
EMP-00414,40,Sales,Laboratory Technician,6318.32,9,3,2,No,No
EMP-00415,54,Research & Development,Laboratory Technician,6864.92,7,1,3,No,No
EMP-00416,23,Research & Development,Sales Executive,5150.9,1,3,3,No,No
EMP-00417,40,Research & Development,Manager,4209.78,6,2,3,No,No
EMP-00418,57,Research & Development,Manager,10206.64,1,3,4,No,No
EMP-00419,44,Research & Development,Laboratory Technician,8061.66,1,3,3,No,No
EMP-00420,39,Research & Development,Laboratory Technician,5764.53,2,2,2,Yes,No
EMP-00421,26,Research & Development,Research Scientist,1711.98,5,4,3,No,No
EMP-00422,26,Research & Development,Manufacturing Director,6827.72,1,4,1,Yes,Yes
EMP-00423,51,Sales,Manufacturing Director,5175.64,1,3,2,No,No
EMP-00424,51,Research & Development,Manager,6821.26,2,3,4,No,No
EMP-00425,41,Research & Development,Manager,3178.99,1,1,3,No,No
EMP-00426,44,Human Resources,Laboratory Technician,8252.33,2,4,3,Yes,No
EMP-00427,25,Research & Development,Manager,3935.3,6,3,2,No,No
EMP-00428,46,Research & Development,Manufacturing Director,11619.36,6,1,2,No,No
EMP-00429,37,Research & Development,Laboratory Technician,1994.22,22,2,2,No,No
EMP-00430,31,Research & Development,Laboratory Technician,4482.21,1,2,4,No,No
EMP-00431,47,Research & Development,Sales Executive,2536.54,13,2,4,No,No
EMP-00432,38,Sales,Healthcare Representative,4218.75,4,3,3,Yes,No
EMP-00433,36,Sales,Manufacturing Director,3464.66,4,4,1,Yes,No
EMP-00434,54,Research & Development,Laboratory Technician,8820.41,3,4,3,No,No
EMP-00435,34,Research & Development,Manufacturing Director,2323.16,1,3,4,Yes,Yes
EMP-00436,24,Research & Development,Sales Executive,5608.9,5,3,4,No,No
EMP-00437,55,Research & Development,Sales Executive,3847.61,10,3,3,Yes,No
EMP-00438,52,Research & Development,Laboratory Technician,4784.85,13,3,3,No,No
EMP-00439,40,Research & Development,Manufacturing Director,7139.29,21,3,3,Yes,No
EMP-00440,54,Sales,Manufacturing Director,3487.96,10,2,1,Yes,No
EMP-00441,46,Research & Development,Manufacturing Director,3558.16,7,3,3,No,No
EMP-00442,49,Research & Development,Sales Executive,1859.61,5,3,3,Yes,Yes
EMP-00443,58,Research & Development,Research Scientist,5112.81,13,1,3,Yes,Yes
EMP-00444,49,Sales,Research Scientist,3927.32,9,1,3,Yes,No
EMP-00445,40,Research & Development,Manufacturing Director,9027.84,2,2,3,No,No
EMP-00446,45,Sales,Manufacturing Director,4103.27,8,3,3,No,No
EMP-00447,43,Research & Development,Healthcare Representative,17400.71,4,3,2,No,No
EMP-00448,41,Research & Development,Laboratory Technician,2348.17,6,1,4,Yes,Yes
EMP-00449,56,Research & Development,Sales Executive,2898.12,15,2,3,No,No
EMP-00450,45,Sales,Healthcare Representative,3738.47,7,1,3,Yes,No
EMP-00451,41,Research & Development,Manufacturing Director,2340.77,18,4,2,No,No
EMP-00452,52,Research & Development,Manager,17641.23,13,2,4,No,Yes
EMP-00453,43,Research & Development,Research Scientist,6109.45,1,1,3,No,No
EMP-00454,24,Research & Development,Research Scientist,1550.68,1,3,3,Yes,No
EMP-00455,43,Research & Development,Healthcare Representative,5387.82,3,2,4,No,No
EMP-00456,54,Research & Development,Research Scientist,8339.2,13,3,4,Yes,No
EMP-00457,41,Research & Development,Research Scientist,1736.98,2,2,3,No,No
EMP-00458,52,Research & Development,Manager,5381.56,8,4,2,Yes,No
EMP-00459,36,Research & Development,Laboratory Technician,3610.06,4,4,4,No,No
EMP-00460,31,Research & Development,Manufacturing Director,5419.6,9,3,4,Yes,No
EMP-00461,49,Sales,Healthcare Representative,2810.23,2,4,2,No,No
EMP-00462,45,Sales,Manager,6434.99,2,3,3,Yes,No
EMP-00463,32,Research & Development,Sales Executive,6507.19,2,4,3,No,No
EMP-00464,25,Research & Development,Sales Executive,4989.54,5,3,1,No,No
EMP-00465,22,Research & Development,Manager,13082.04,3,2,2,Yes,No
EMP-00466,30,Research & Development,Manufacturing Director,12309.8,11,1,3,No,No
EMP-00467,29,Sales,Sales Executive,1719.16,3,2,4,No,No
EMP-00468,30,Research & Development,Manager,3040.53,7,3,1,Yes,No
EMP-00469,35,Research & Development,Research Scientist,3538.34,19,2,4,No,No
EMP-00470,39,Research & Development,Laboratory Technician,1755.85,6,3,4,No,No
EMP-00471,38,Sales,Healthcare Representative,4837.09,2,3,4,No,Yes
EMP-00472,28,Research & Development,Healthcare Representative,1612.0,11,4,3,No,No
EMP-00473,55,Research & Development,Research Scientist,6600.38,1,3,3,Yes,No
EMP-00474,34,Research & Development,Manufacturing Director,1512.11,2,3,3,No,No
EMP-00475,42,Research & Development,Laboratory Technician,1646.06,4,3,4,Yes,Yes
EMP-00476,40,Research & Development,Sales Executive,9574.27,2,4,3,Yes,No
EMP-00477,58,Research & Development,Healthcare Representative,2810.25,6,1,1,No,Yes
EMP-00478,24,Research & Development,Healthcare Representative,1881.23,6,1,2,Yes,No
EMP-00479,41,Research & Development,Manufacturing Director,3794.72,4,4,3,Yes,No
EMP-00480,50,Research & Development,Laboratory Technician,1735.32,3,4,4,No,No
EMP-00481,34,Research & Development,Manager,7745.71,4,3,3,No,No
EMP-00482,47,Sales,Sales Executive,4566.79,3,3,3,Yes,No
EMP-00483,57,Sales,Healthcare Representative,5112.65,2,2,1,No,No
EMP-00484,34,Research & Development,Healthcare Representative,7792.87,3,2,4,No,No
EMP-00485,38,Research & Development,Sales Executive,8405.71,6,4,3,No,No
EMP-00486,54,Research & Development,Laboratory Technician,2159.17,7,2,4,No,No
EMP-00487,37,Research & Development,Laboratory Technician,2980.02,3,3,3,No,No
EMP-00488,29,Sales,Laboratory Technician,2369.31,19,4,3,No,No
EMP-00489,34,Sales,Healthcare Representative,1749.99,2,1,3,No,No
EMP-00490,43,Research & Development,Manager,4970.16,8,1,2,No,Yes
EMP-00491,39,Sales,Research Scientist,2793.37,1,2,2,No,No
EMP-00492,56,Research & Development,Healthcare Representative,2252.46,7,3,1,No,No
EMP-00493,30,Research & Development,Manufacturing Director,4711.43,4,2,3,No,No
EMP-00494,28,Research & Development,Manufacturing Director,6023.23,6,1,3,No,Yes
EMP-00495,24,Research & Development,Manager,8154.86,2,2,2,No,No
EMP-00496,30,Sales,Healthcare Representative,1579.42,4,1,3,No,Yes
EMP-00497,58,Research & Development,Healthcare Representative,4862.17,9,2,3,No,No
EMP-00498,46,Research & Development,Sales Executive,2898.18,9,2,3,No,No
EMP-00499,21,Research & Development,Laboratory Technician,23002.89,2,1,2,Yes,No
EMP-00500,39,Sales,Manager,2268.21,3,4,3,No,No
EMP-00501,40,Research & Development,Sales Executive,4091.91,1,2,3,Yes,No
EMP-00502,49,Human Resources,Manager,17283.46,1,3,2,No,No
EMP-00503,20,Sales,Manufacturing Director,2578.43,1,3,3,No,No
EMP-00504,54,Sales,Manufacturing Director,8900.41,3,4,2,No,No
EMP-00505,45,Research & Development,Research Scientist,2753.0,9,1,4,No,No
EMP-00506,51,Sales,Laboratory Technician,1852.11,5,2,4,No,No
EMP-00507,28,Research & Development,Laboratory Technician,1696.63,10,4,3,No,No
EMP-00508,59,Research & Development,Manager,14868.69,9,4,2,Yes,No
EMP-00509,40,Research & Development,Manufacturing Director,2577.26,6,2,3,No,No
EMP-00510,35,Research & Development,Sales Executive,3053.61,5,1,3,No,No
EMP-00511,31,Research & Development,Healthcare Representative,16838.35,17,4,3,No,Yes
EMP-00512,55,Research & Development,Laboratory Technician,6320.25,6,2,2,No,No
EMP-00513,56,Research & Development,Healthcare Representative,4513.55,5,4,2,No,No
EMP-00514,46,Research & Development,Manufacturing Director,4072.54,13,4,2,No,No
EMP-00515,26,Research & Development,Research Scientist,1724.02,1,2,3,No,No
EMP-00516,49,Sales,Manufacturing Director,9717.04,7,4,4,Yes,No
EMP-00517,43,Research & Development,Healthcare Representative,7960.36,1,3,3,No,No
EMP-00518,49,Research & Development,Manufacturing Director,1927.85,11,4,2,No,No
EMP-00519,39,Research & Development,Laboratory Technician,3462.52,10,3,1,No,No
EMP-00520,59,Research & Development,Manager,11248.77,5,1,3,No,No
EMP-00521,47,Research & Development,Manager,2713.94,7,4,2,No,No
EMP-00522,23,Research & Development,Healthcare Representative,5751.5,10,2,2,No,No
EMP-00523,31,Research & Development,Healthcare Representative,4511.87,5,4,2,Yes,Yes
EMP-00524,22,Sales,Research Scientist,9179.79,15,3,3,No,No
EMP-00525,56,Research & Development,Laboratory Technician,1665.24,4,1,3,No,Yes
EMP-00526,23,Sales,Sales Executive,9121.29,14,2,4,No,No
EMP-00527,34,Sales,Research Scientist,2156.36,6,4,3,No,No
EMP-00528,47,Sales,Laboratory Technician,1568.34,4,2,2,No,No
EMP-00529,56,Sales,Manager,5572.97,1,4,3,No,No
EMP-00530,28,Research & Development,Sales Executive,2846.72,3,2,2,No,No
EMP-00531,33,Research & Development,Manager,7059.23,13,3,3,No,No
EMP-00532,51,Research & Development,Healthcare Representative,4355.11,4,4,1,Yes,No
EMP-00533,22,Sales,Manager,5685.89,4,1,1,Yes,Yes
EMP-00534,37,Sales,Research Scientist,6766.06,5,2,3,No,No
EMP-00535,33,Research & Development,Healthcare Representative,13273.39,3,4,2,No,No
EMP-00536,44,Research & Development,Healthcare Representative,9295.03,5,3,2,Yes,No
EMP-00537,58,Research & Development,Healthcare Representative,4575.38,3,4,2,No,Yes
EMP-00538,45,Sales,Laboratory Technician,4093.27,15,4,3,No,No
EMP-00539,25,Sales,Sales Executive,6284.73,6,3,2,Yes,Yes
EMP-00540,45,Sales,Laboratory Technician,7451.29,12,4,3,Yes,No
EMP-00541,20,Sales,Healthcare Representative,2352.89,8,3,3,No,No
EMP-00542,40,Research & Development,Research Scientist,1648.79,2,3,2,Yes,No
EMP-00543,33,Research & Development,Manager,4228.5,13,2,4,No,No
EMP-00544,27,Sales,Healthcare Representative,1971.39,1,4,4,No,No
EMP-00545,44,Research & Development,Sales Executive,23216.56,4,4,4,Yes,No
EMP-00546,37,Research & Development,Laboratory Technician,5454.82,2,2,3,Yes,Yes
EMP-00547,34,Research & Development,Sales Executive,2239.03,5,3,3,No,No
EMP-00548,39,Sales,Laboratory Technician,1630.08,3,3,3,No,No
EMP-00549,35,Research & Development,Manager,5139.53,8,3,1,Yes,No
EMP-00550,26,Research & Development,Sales Executive,4325.04,18,4,1,No,No
EMP-00551,48,Research & Development,Sales Executive,3145.74,8,1,2,No,Yes
EMP-00552,50,Research & Development,Laboratory Technician,4346.65,3,4,3,No,No
EMP-00553,48,Sales,Laboratory Technician,6677.27,6,1,2,No,Yes
EMP-00554,36,Research & Development,Laboratory Technician,2019.35,14,3,3,Yes,No
EMP-00555,24,Research & Development,Manufacturing Director,2828.84,2,3,2,No,No
EMP-00556,37,Sales,Manager,8630.49,1,2,3,No,No
EMP-00557,33,Research & Development,Sales Executive,6490.66,1,3,3,No,No
EMP-00558,50,Research & Development,Manufacturing Director,2893.16,5,4,2,No,No
EMP-00559,37,Research & Development,Manufacturing Director,3784.87,9,2,2,No,No
EMP-00560,44,Research & Development,Healthcare Representative,2073.97,7,1,2,No,No
EMP-00561,30,Research & Development,Manufacturing Director,2813.37,4,3,2,No,No
EMP-00562,45,Sales,Manufacturing Director,9779.13,9,4,3,No,No
EMP-00563,24,Research & Development,Laboratory Technician,4112.48,7,4,4,No,Yes
EMP-00564,35,Research & Development,Laboratory Technician,6101.09,7,2,3,No,No
EMP-00565,27,Research & Development,Research Scientist,2283.21,2,4,4,No,No
EMP-00566,32,Research & Development,Manager,2411.21,3,3,4,No,No
EMP-00567,51,Research & Development,Sales Executive,14229.97,3,2,3,Yes,No
EMP-00568,46,Research & Development,Manager,9787.12,11,4,2,No,No
EMP-00569,45,Research & Development,Manufacturing Director,8530.01,10,2,4,No,No
EMP-00570,28,Research & Development,Manufacturing Director,3299.4,2,4,3,No,No
EMP-00571,26,Sales,Sales Executive,5222.69,1,4,4,No,No
EMP-00572,27,Research & Development,Manager,4550.75,9,3,3,No,No
EMP-00573,21,Sales,Laboratory Technician,15579.7,4,3,3,No,No
EMP-00574,37,Sales,Laboratory Technician,2732.8,2,3,4,No,No
EMP-00575,55,Research & Development,Sales Executive,22197.59,1,2,3,No,No
EMP-00576,43,Research & Development,Sales Executive,7021.83,1,4,3,No,No
EMP-00577,53,Research & Development,Laboratory Technician,3902.59,4,4,3,No,No
EMP-00578,57,Research & Development,Sales Executive,2893.78,3,3,4,No,No
EMP-00579,30,Sales,Manager,7872.67,8,4,3,Yes,Yes
EMP-00580,29,Research & Development,Laboratory Technician,9290.57,24,3,3,No,No
EMP-00581,48,Research & Development,Sales Executive,3490.94,2,3,3,No,No
EMP-00582,59,Research & Development,Laboratory Technician,2348.69,2,3,3,Yes,Yes
EMP-00583,25,Research & Development,Research Scientist,4549.9,3,2,1,No,No
EMP-00584,29,Sales,Laboratory Technician,4344.25,4,4,2,Yes,No
EMP-00585,49,Research & Development,Laboratory Technician,7316.02,8,4,2,No,Yes
EMP-00586,47,Sales,Manufacturing Director,17784.55,3,4,4,No,No
EMP-00587,48,Sales,Manager,4909.89,1,3,2,No,No
EMP-00588,44,Research & Development,Laboratory Technician,7420.75,9,4,3,Yes,No
EMP-00589,55,Research & Development,Sales Executive,3442.54,10,3,4,No,No
EMP-00590,46,Research & Development,Healthcare Representative,5618.53,2,3,2,Yes,Yes
EMP-00591,53,Research & Development,Sales Executive,2051.42,1,4,2,No,No
EMP-00592,53,Research & Development,Manufacturing Director,9091.69,5,3,4,No,No
EMP-00593,51,Sales,Sales Executive,3399.4,2,3,3,Yes,No
EMP-00594,23,Sales,Research Scientist,1875.42,3,2,2,Yes,Yes
EMP-00595,53,Sales,Healthcare Representative,22483.26,10,4,4,Yes,No
EMP-00596,35,Human Resources,Healthcare Representative,11942.83,2,2,3,No,No
EMP-00597,30,Research & Development,Manager,2489.73,11,2,4,No,No
EMP-00598,34,Research & Development,Manufacturing Director,3530.86,7,1,2,No,No
EMP-00599,57,Sales,Manager,13920.67,2,3,3,No,No
EMP-00600,49,Sales,Healthcare Representative,8660.62,5,2,3,Yes,No
EMP-00601,46,Research & Development,Laboratory Technician,12159.85,6,4,3,No,No
EMP-00602,35,Research & Development,Manufacturing Director,5220.57,2,2,1,Yes,No
EMP-00603,20,Sales,Manager,19243.29,1,4,2,No,No
EMP-00604,44,Research & Development,Research Scientist,2658.95,5,2,3,No,No
EMP-00605,47,Research & Development,Healthcare Representative,4856.34,8,2,3,No,No
EMP-00606,33,Sales,Healthcare Representative,13096.6,4,4,1,No,No
EMP-00607,53,Sales,Manufacturing Director,5993.48,1,3,3,No,No
EMP-00608,23,Research & Development,Healthcare Representative,1657.48,16,1,3,Yes,No
EMP-00609,33,Research & Development,Healthcare Representative,5199.28,8,4,2,No,No
EMP-00610,35,Research & Development,Research Scientist,5719.28,6,2,3,No,Yes
EMP-00611,34,Sales,Research Scientist,5420.44,7,2,3,No,No
EMP-00612,53,Research & Development,Manufacturing Director,6785.97,4,3,3,Yes,No
EMP-00613,32,Sales,Healthcare Representative,3063.53,26,1,1,No,No
EMP-00614,36,Sales,Manager,2198.45,1,2,1,No,No
EMP-00615,47,Sales,Sales Executive,7739.2,9,4,3,No,No
EMP-00616,29,Research & Development,Manufacturing Director,2483.68,4,2,4,No,No
EMP-00617,36,Research & Development,Manager,2045.48,14,1,2,No,No
EMP-00618,27,Sales,Research Scientist,3503.91,8,4,3,No,No
EMP-00619,21,Research & Development,Sales Executive,9547.31,6,3,2,No,No
EMP-00620,20,Research & Development,Manager,23569.18,18,2,2,Yes,No
EMP-00621,24,Sales,Manager,2479.25,15,3,1,No,No
EMP-00622,54,Research & Development,Healthcare Representative,4401.83,1,1,4,Yes,Yes
EMP-00623,41,Research & Development,Manufacturing Director,3026.32,2,3,2,Yes,No
EMP-00624,35,Research & Development,Manufacturing Director,7255.12,7,3,2,No,No
EMP-00625,28,Research & Development,Research Scientist,18119.26,16,4,3,No,No
EMP-00626,55,Research & Development,Laboratory Technician,9817.95,4,2,2,No,No
EMP-00627,28,Sales,Laboratory Technician,2525.82,1,4,2,Yes,No
EMP-00628,33,Research & Development,Laboratory Technician,6210.32,7,1,2,Yes,Yes
EMP-00629,29,Sales,Manufacturing Director,8207.14,2,3,4,No,No
EMP-00630,41,Research & Development,Research Scientist,1791.23,5,2,2,Yes,Yes
EMP-00631,35,Research & Development,Research Scientist,1668.83,3,3,4,No,No
EMP-00632,22,Sales,Laboratory Technician,5186.83,6,3,2,No,No
EMP-00633,47,Research & Development,Sales Executive,5488.71,17,4,1,No,No
EMP-00634,49,Research & Development,Laboratory Technician,3745.1,5,4,4,No,No
EMP-00635,48,Research & Development,Manufacturing Director,1665.33,1,3,3,No,No
EMP-00636,20,Research & Development,Sales Executive,3813.15,6,2,3,No,No
EMP-00637,47,Research & Development,Research Scientist,6123.61,3,3,3,No,No
EMP-00638,41,Sales,Healthcare Representative,6946.17,10,4,2,Yes,No
EMP-00639,51,Research & Development,Manager,4554.75,4,1,3,No,No
EMP-00640,30,Sales,Sales Executive,4850.22,9,3,3,Yes,No
EMP-00641,45,Sales,Research Scientist,6525.6,15,1,1,No,No
EMP-00642,50,Research & Development,Sales Executive,4184.56,3,2,4,No,No
EMP-00643,39,Research & Development,Laboratory Technician,2876.4,28,1,3,No,No
EMP-00644,39,Human Resources,Sales Executive,2635.24,1,4,2,No,No
EMP-00645,52,Research & Development,Sales Executive,7788.15,7,2,2,Yes,Yes
EMP-00646,24,Research & Development,Sales Executive,4508.47,1,2,4,No,No
EMP-00647,22,Research & Development,Manufacturing Director,5902.78,2,4,3,No,No
EMP-00648,53,Research & Development,Manager,4366.35,7,3,3,No,No
EMP-00649,50,Research & Development,Manufacturing Director,9187.62,1,4,4,No,Yes
EMP-00650,26,Research & Development,Manager,4590.88,1,2,3,Yes,Yes
EMP-00651,49,Research & Development,Laboratory Technician,21423.35,3,3,3,No,No
EMP-00652,37,Research & Development,Healthcare Representative,2750.41,6,1,2,No,Yes
EMP-00653,35,Research & Development,Manufacturing Director,2171.0,1,3,3,No,No
EMP-00654,32,Sales,Healthcare Representative,3604.92,5,3,3,No,No
EMP-00655,52,Research & Development,Manufacturing Director,12790.84,7,3,4,No,No
EMP-00656,26,Sales,Research Scientist,10106.96,4,3,2,No,No
EMP-00657,49,Sales,Research Scientist,18827.03,1,4,2,No,No
EMP-00658,30,Research & Development,Sales Executive,5619.91,6,3,1,No,No
EMP-00659,25,Research & Development,Healthcare Representative,5500.57,6,3,3,No,No
EMP-00660,40,Research & Development,Sales Executive,3062.79,5,2,2,Yes,Yes
EMP-00661,51,Research & Development,Manager,2707.7,8,4,4,No,No
EMP-00662,24,Sales,Sales Executive,3724.7,2,3,4,Yes,Yes
EMP-00663,48,Sales,Manufacturing Director,8493.41,7,3,3,Yes,No
EMP-00664,54,Research & Development,Manufacturing Director,2457.78,2,3,2,No,No
EMP-00665,31,Sales,Sales Executive,4155.41,4,4,2,No,No
EMP-00666,56,Research & Development,Manager,4457.39,1,4,4,No,No
EMP-00667,41,Research & Development,Manufacturing Director,14095.18,11,2,2,No,No
EMP-00668,30,Sales,Manager,3127.74,5,4,3,No,Yes
EMP-00669,42,Sales,Research Scientist,1589.29,22,1,3,Yes,Yes
EMP-00670,29,Research & Development,Research Scientist,6824.82,18,1,4,Yes,No
EMP-00671,43,Research & Development,Healthcare Representative,7843.8,41,4,2,No,No
EMP-00672,35,Sales,Research Scientist,6963.59,1,1,1,No,Yes
EMP-00673,31,Sales,Manager,6928.98,6,2,3,Yes,Yes
EMP-00674,51,Research & Development,Sales Executive,4470.69,4,3,2,No,No
EMP-00675,43,Research & Development,Laboratory Technician,1584.77,5,4,3,Yes,No
EMP-00676,23,Research & Development,Manufacturing Director,7390.63,3,2,2,Yes,No
EMP-00677,52,Research & Development,Sales Executive,13906.65,1,1,3,No,No
EMP-00678,37,Human Resources,Manufacturing Director,2270.61,8,1,3,No,No
EMP-00679,36,Research & Development,Healthcare Representative,1816.49,21,1,3,No,Yes
EMP-00680,40,Sales,Sales Executive,2886.74,5,1,4,No,No
EMP-00681,20,Research & Development,Sales Executive,10030.86,3,4,4,No,No
EMP-00682,44,Research & Development,Sales Executive,2004.96,18,1,3,Yes,Yes
EMP-00683,50,Sales,Healthcare Representative,7151.36,3,3,3,No,No
EMP-00684,39,Sales,Sales Executive,1792.57,16,4,3,No,No
EMP-00685,45,Sales,Manufacturing Director,1650.02,12,3,1,Yes,No
EMP-00686,38,Research & Development,Laboratory Technician,11486.31,5,1,3,No,No
EMP-00687,49,Research & Development,Sales Executive,8124.52,7,3,2,No,No
EMP-00688,44,Sales,Healthcare Representative,5607.42,8,4,2,No,No
EMP-00689,55,Research & Development,Healthcare Representative,2349.31,7,2,3,Yes,No
EMP-00690,37,Research & Development,Sales Executive,2971.08,2,2,3,No,No
EMP-00691,23,Research & Development,Healthcare Representative,1724.21,8,2,2,No,No
EMP-00692,46,Research & Development,Research Scientist,6164.97,1,3,3,No,No
EMP-00693,52,Research & Development,Manager,6713.86,8,2,4,No,No
EMP-00694,25,Human Resources,Healthcare Representative,3280.77,5,4,3,No,No
EMP-00695,26,Research & Development,Laboratory Technician,3359.03,2,3,3,No,No
EMP-00696,20,Research & Development,Research Scientist,5961.72,11,3,2,No,No
EMP-00697,57,Sales,Manufacturing Director,14606.62,4,4,4,No,No
EMP-00698,54,Research & Development,Research Scientist,3759.21,5,1,2,No,Yes
EMP-00699,42,Sales,Laboratory Technician,4561.84,1,4,4,No,No
EMP-00700,35,Research & Development,Manager,6892.09,4,3,4,No,No
EMP-00701,53,Sales,Research Scientist,3385.67,2,3,3,No,No
EMP-00702,53,Sales,Sales Executive,10641.65,2,1,4,No,No
EMP-00703,50,Sales,Healthcare Representative,9923.92,2,3,3,No,No
EMP-00704,50,Research & Development,Sales Executive,6547.77,1,3,4,No,No
EMP-00705,30,Sales,Sales Executive,4964.38,4,3,3,No,Yes
EMP-00706,27,Research & Development,Sales Executive,19975.49,5,2,2,Yes,No
EMP-00707,43,Sales,Research Scientist,6953.73,6,1,1,No,No
EMP-00708,42,Research & Development,Manufacturing Director,6137.95,4,3,3,No,No
EMP-00709,51,Research & Development,Manager,10923.41,13,3,4,Yes,No
EMP-00710,34,Research & Development,Healthcare Representative,5143.47,1,3,4,No,No
EMP-00711,47,Human Resources,Research Scientist,2752.31,6,3,4,No,No
EMP-00712,39,Sales,Manager,2167.06,13,2,2,No,Yes
EMP-00713,33,Sales,Sales Executive,4365.72,1,2,3,Yes,No
EMP-00714,45,Research & Development,Laboratory Technician,4762.3,5,3,3,No,No
EMP-00715,56,Research & Development,Laboratory Technician,9413.18,6,3,3,No,No
EMP-00716,21,Human Resources,Sales Executive,2175.95,2,3,2,No,No
EMP-00717,53,Research & Development,Manufacturing Director,6644.79,2,4,3,No,No
EMP-00718,53,Research & Development,Manager,3131.65,10,4,3,Yes,No
EMP-00719,53,Research & Development,Healthcare Representative,14088.2,6,1,3,No,No
EMP-00720,28,Research & Development,Manager,4360.53,3,3,3,Yes,No
EMP-00721,22,Research & Development,Research Scientist,5882.62,9,3,3,No,No
EMP-00722,49,Sales,Manufacturing Director,6225.59,9,3,2,No,No
EMP-00723,38,Research & Development,Laboratory Technician,1929.37,3,4,4,Yes,Yes
EMP-00724,50,Sales,Sales Executive,10103.38,5,3,2,No,Yes
EMP-00725,35,Research & Development,Research Scientist,2307.34,7,4,3,Yes,Yes
EMP-00726,43,Sales,Manufacturing Director,3779.4,3,4,2,No,No
EMP-00727,34,Research & Development,Manager,6524.08,7,2,3,Yes,No
EMP-00728,41,Research & Development,Manufacturing Director,1755.61,2,1,4,No,No
EMP-00729,51,Sales,Manufacturing Director,5408.3,3,2,1,No,No
EMP-00730,30,Sales,Manager,3873.71,3,1,4,Yes,No
EMP-00731,48,Sales,Research Scientist,1796.92,17,1,1,No,No
EMP-00732,43,Sales,Healthcare Representative,7332.25,12,4,1,No,No
EMP-00733,38,Sales,Manager,4631.18,6,4,4,No,No
EMP-00734,24,Research & Development,Research Scientist,3127.21,6,3,3,Yes,No
EMP-00735,57,Research & Development,Manager,1896.44,1,4,2,Yes,No
EMP-00736,20,Research & Development,Sales Executive,5068.1,7,1,4,No,No
EMP-00737,49,Research & Development,Research Scientist,3143.53,3,3,3,No,Yes
EMP-00738,31,Research & Development,Manufacturing Director,14691.85,6,2,2,No,No
EMP-00739,23,Sales,Healthcare Representative,5528.86,12,3,4,No,No
EMP-00740,34,Research & Development,Healthcare Representative,3010.04,1,2,3,No,No
EMP-00741,36,Human Resources,Sales Executive,4884.39,6,3,2,Yes,No
EMP-00742,31,Sales,Sales Executive,4989.45,6,1,4,No,No
EMP-00743,20,Research & Development,Laboratory Technician,7338.35,2,1,3,No,Yes
EMP-00744,32,Sales,Laboratory Technician,11961.85,7,3,3,No,No
EMP-00745,49,Sales,Laboratory Technician,16286.61,5,3,4,Yes,No
EMP-00746,29,Sales,Research Scientist,7194.57,9,2,4,No,No
EMP-00747,55,Research & Development,Healthcare Representative,5052.6,1,1,2,No,No
EMP-00748,25,Research & Development,Sales Executive,2646.62,4,4,4,Yes,Yes
EMP-00749,28,Research & Development,Laboratory Technician,3821.49,39,1,3,No,No
EMP-00750,21,Research & Development,Sales Executive,4519.38,8,4,3,No,Yes
EMP-00751,25,Research & Development,Laboratory Technician,2118.26,8,1,4,No,Yes
EMP-00752,30,Research & Development,Research Scientist,2833.16,3,3,3,No,No
EMP-00753,45,Research & Development,Manager,20237.38,1,3,2,Yes,No
EMP-00754,47,Research & Development,Research Scientist,7860.39,19,4,3,No,No
EMP-00755,32,Research & Development,Manufacturing Director,4460.07,1,3,3,No,No
EMP-00756,57,Research & Development,Sales Executive,2653.01,31,1,2,No,No
EMP-00757,31,Research & Development,Manager,5334.09,1,4,4,Yes,No
EMP-00758,38,Research & Development,Manager,2687.11,2,3,4,No,No
EMP-00759,37,Sales,Manufacturing Director,2465.55,3,4,3,Yes,No
EMP-00760,38,Research & Development,Manager,1943.01,5,4,3,No,No
EMP-00761,47,Sales,Research Scientist,3409.9,10,3,2,No,No
EMP-00762,31,Human Resources,Manager,5011.27,22,4,4,No,No
EMP-00763,51,Research & Development,Research Scientist,2280.99,3,3,3,Yes,Yes
EMP-00764,32,Sales,Manager,2506.6,1,3,1,Yes,No
EMP-00765,42,Research & Development,Manager,3732.75,6,3,4,No,No
EMP-00766,55,Research & Development,Sales Executive,4525.92,8,3,4,No,No
EMP-00767,49,Research & Development,Manufacturing Director,7965.04,4,3,3,No,No
EMP-00768,41,Sales,Manager,5262.72,2,4,1,Yes,No
EMP-00769,57,Sales,Manager,5826.99,3,3,2,No,No
EMP-00770,22,Sales,Manufacturing Director,6861.39,7,3,3,No,No
EMP-00771,28,Sales,Manufacturing Director,4198.32,5,3,3,No,No
EMP-00772,34,Research & Development,Sales Executive,3391.23,9,1,3,No,No
EMP-00773,49,Research & Development,Sales Executive,8751.95,2,1,3,Yes,No
EMP-00774,45,Sales,Sales Executive,9429.56,12,1,3,No,No
EMP-00775,49,Sales,Healthcare Representative,2252.47,2,3,3,Yes,No
EMP-00776,24,Research & Development,Manager,15294.75,3,4,4,Yes,Yes
EMP-00777,50,Research & Development,Research Scientist,13461.71,6,3,3,No,No
EMP-00778,41,Research & Development,Healthcare Representative,10711.48,9,4,4,Yes,No
EMP-00779,34,Sales,Healthcare Representative,3971.95,2,1,4,No,No
EMP-00780,54,Research & Development,Research Scientist,9808.31,19,4,2,No,No
EMP-00781,38,Sales,Manager,5950.58,8,2,4,No,No
EMP-00782,53,Research & Development,Laboratory Technician,2534.59,2,1,2,No,No
EMP-00783,37,Research & Development,Laboratory Technician,8210.11,8,4,4,No,No
EMP-00784,33,Research & Development,Laboratory Technician,3844.66,8,2,3,No,No
EMP-00785,41,Sales,Sales Executive,3054.95,9,2,3,No,No
EMP-00786,43,Sales,Sales Executive,10977.6,16,2,2,No,No
EMP-00787,32,Human Resources,Manufacturing Director,10421.31,8,4,2,Yes,Yes
EMP-00788,27,Research & Development,Manufacturing Director,10490.32,3,3,2,No,No
EMP-00789,21,Research & Development,Healthcare Representative,10332.22,10,2,4,No,No
EMP-00790,46,Sales,Manufacturing Director,5135.78,8,2,3,Yes,Yes
EMP-00791,53,Research & Development,Sales Executive,5817.81,6,1,3,Yes,Yes
EMP-00792,48,Human Resources,Healthcare Representative,14879.84,3,1,4,No,Yes
EMP-00793,45,Research & Development,Manufacturing Director,2123.27,16,4,2,No,No
EMP-00794,42,Sales,Manufacturing Director,8885.6,5,4,3,No,No
EMP-00795,55,Research & Development,Laboratory Technician,4862.01,7,4,3,No,No
EMP-00796,28,Sales,Sales Executive,18759.35,4,4,2,No,No
EMP-00797,40,Research & Development,Healthcare Representative,6087.74,10,4,4,No,No
EMP-00798,55,Research & Development,Research Scientist,2298.24,3,4,3,No,No
EMP-00799,22,Research & Development,Manager,9105.26,11,4,1,No,No
EMP-00800,26,Sales,Manufacturing Director,6525.56,1,4,3,Yes,No
EMP-00801,42,Sales,Sales Executive,2225.66,8,3,4,No,No
EMP-00802,51,Research & Development,Healthcare Representative,1540.65,4,2,1,No,No
EMP-00803,42,Research & Development,Manager,5030.2,8,3,3,Yes,No
EMP-00804,35,Sales,Sales Executive,2743.79,5,3,4,No,No
EMP-00805,24,Research & Development,Sales Executive,10586.51,1,3,4,No,No
EMP-00806,32,Research & Development,Healthcare Representative,2800.15,4,4,3,No,No
EMP-00807,29,Research & Development,Laboratory Technician,6392.61,21,3,2,Yes,No
EMP-00808,21,Research & Development,Manager,3404.93,9,1,3,No,No
EMP-00809,35,Sales,Laboratory Technician,3440.73,3,2,3,Yes,No
EMP-00810,20,Research & Development,Manufacturing Director,2403.0,18,4,2,No,Yes
EMP-00811,25,Research & Development,Laboratory Technician,4643.72,10,3,3,No,Yes
EMP-00812,38,Research & Development,Manufacturing Director,5395.96,3,2,3,No,No
EMP-00813,52,Research & Development,Manufacturing Director,5414.63,6,4,4,Yes,Yes
EMP-00814,47,Human Resources,Healthcare Representative,10239.85,4,2,2,No,No
EMP-00815,24,Sales,Sales Executive,6254.48,1,3,2,No,No
EMP-00816,31,Research & Development,Research Scientist,7565.95,11,2,3,No,No
EMP-00817,49,Research & Development,Research Scientist,3258.36,2,4,3,No,No
EMP-00818,36,Sales,Laboratory Technician,3956.59,4,4,3,No,No
EMP-00819,38,Human Resources,Healthcare Representative,1583.08,8,3,2,No,No
EMP-00820,59,Research & Development,Research Scientist,1870.86,17,4,1,Yes,No
EMP-00821,44,Research & Development,Sales Executive,3688.47,1,4,3,No,No
EMP-00822,54,Sales,Manufacturing Director,2559.23,4,4,4,No,No
EMP-00823,28,Sales,Manufacturing Director,9043.93,6,4,3,Yes,No
EMP-00824,51,Research & Development,Healthcare Representative,6578.31,10,4,3,No,No
EMP-00825,58,Research & Development,Laboratory Technician,17325.57,16,3,4,No,No
EMP-00826,57,Sales,Sales Executive,11313.01,1,3,3,Yes,No
EMP-00827,34,Research & Development,Laboratory Technician,18606.4,7,2,3,No,No
EMP-00828,56,Sales,Laboratory Technician,3545.54,1,1,1,No,No
EMP-00829,45,Research & Development,Healthcare Representative,4480.7,10,4,4,No,No
EMP-00830,50,Sales,Manufacturing Director,3597.95,1,1,3,No,Yes
EMP-00831,49,Research & Development,Laboratory Technician,16497.44,14,3,3,Yes,No
EMP-00832,21,Research & Development,Laboratory Technician,3819.08,2,2,1,No,No
EMP-00833,26,Research & Development,Sales Executive,2058.72,9,3,3,No,No
EMP-00834,49,Research & Development,Manager,2797.63,3,2,1,No,Yes
EMP-00835,52,Human Resources,Manufacturing Director,3988.83,6,4,2,No,No
EMP-00836,58,Research & Development,Laboratory Technician,5657.12,6,4,4,No,No
EMP-00837,57,Research & Development,Manager,5831.52,2,4,2,No,No
EMP-00838,39,Research & Development,Research Scientist,7899.27,3,3,3,Yes,No
EMP-00839,38,Human Resources,Manager,6196.86,1,4,2,No,No
EMP-00840,28,Research & Development,Research Scientist,4543.61,1,3,3,No,No
EMP-00841,41,Research & Development,Manufacturing Director,1637.86,2,3,3,No,No
EMP-00842,51,Research & Development,Manufacturing Director,6843.91,5,2,2,No,Yes
EMP-00843,49,Sales,Healthcare Representative,1901.99,8,4,4,No,No
EMP-00844,25,Research & Development,Manager,4346.87,10,2,3,Yes,Yes
EMP-00845,36,Research & Development,Laboratory Technician,11702.32,1,3,4,No,No
EMP-00846,56,Human Resources,Research Scientist,5588.33,2,4,1,No,Yes
EMP-00847,34,Research & Development,Manager,2498.33,10,3,3,Yes,No
EMP-00848,26,Research & Development,Research Scientist,8925.19,5,1,4,No,No
EMP-00849,33,Research & Development,Manufacturing Director,3107.67,2,3,4,No,No
EMP-00850,39,Research & Development,Manufacturing Director,5374.61,4,4,4,Yes,Yes
EMP-00851,49,Research & Development,Sales Executive,6045.84,2,2,3,No,Yes
EMP-00852,37,Research & Development,Sales Executive,7410.73,1,4,3,Yes,No
EMP-00853,41,Sales,Manufacturing Director,1802.36,9,4,4,Yes,No
EMP-00854,44,Sales,Sales Executive,10166.91,3,4,1,Yes,No
EMP-00855,43,Research & Development,Manufacturing Director,2043.91,18,3,3,No,No
EMP-00856,50,Research & Development,Manager,1946.87,14,1,4,No,No
EMP-00857,37,Research & Development,Manufacturing Director,4246.95,8,3,1,No,No
EMP-00858,53,Research & Development,Healthcare Representative,3594.77,3,3,2,Yes,Yes
EMP-00859,37,Research & Development,Sales Executive,1752.73,3,4,2,Yes,No
EMP-00860,33,Research & Development,Laboratory Technician,2316.85,4,4,4,No,No
EMP-00861,23,Sales,Laboratory Technician,4102.87,3,4,3,Yes,Yes
EMP-00862,26,Research & Development,Manager,9449.31,15,3,3,No,No
EMP-00863,26,Research & Development,Healthcare Representative,2081.93,1,3,4,Yes,No
EMP-00864,20,Research & Development,Laboratory Technician,1996.83,8,1,3,No,No
EMP-00865,59,Sales,Laboratory Technician,8852.47,6,3,4,No,No
EMP-00866,43,Research & Development,Manager,4550.53,11,4,2,No,No
EMP-00867,51,Research & Development,Manager,3510.04,5,3,3,Yes,Yes
EMP-00868,29,Sales,Healthcare Representative,4284.13,7,3,2,No,No
EMP-00869,28,Sales,Research Scientist,3880.81,21,1,1,No,No
EMP-00870,58,Human Resources,Healthcare Representative,8352.49,1,2,2,No,No
EMP-00871,22,Sales,Healthcare Representative,1542.17,1,3,3,No,No
EMP-00872,54,Sales,Sales Executive,4054.54,4,4,4,Yes,No
EMP-00873,24,Research & Development,Laboratory Technician,2278.46,4,1,3,Yes,Yes
EMP-00874,26,Sales,Laboratory Technician,3158.62,2,2,2,No,No
EMP-00875,31,Sales,Research Scientist,2035.39,1,3,4,Yes,No
EMP-00876,42,Research & Development,Healthcare Representative,4005.82,1,2,2,No,No
EMP-00877,44,Sales,Manufacturing Director,6138.81,9,2,4,Yes,No
EMP-00878,36,Research & Development,Research Scientist,6375.78,5,2,4,No,Yes
EMP-00879,33,Research & Development,Research Scientist,8669.79,12,3,3,No,No
EMP-00880,54,Sales,Laboratory Technician,9093.57,3,3,1,No,No
EMP-00881,20,Research & Development,Laboratory Technician,5597.88,8,4,3,No,No
EMP-00882,41,Sales,Laboratory Technician,3460.38,5,3,4,No,Yes
EMP-00883,47,Sales,Laboratory Technician,1737.06,6,3,3,No,No
EMP-00884,42,Research & Development,Research Scientist,1664.38,3,2,2,No,No
EMP-00885,37,Sales,Manager,2040.93,1,4,4,No,Yes
EMP-00886,56,Research & Development,Healthcare Representative,20061.09,19,3,3,Yes,No
EMP-00887,22,Research & Development,Manager,8437.53,12,2,2,No,No
EMP-00888,33,Research & Development,Manager,3835.41,3,3,4,No,No
EMP-00889,58,Research & Development,Laboratory Technician,4324.81,20,2,4,Yes,No
EMP-00890,26,Research & Development,Sales Executive,7516.74,3,3,3,No,No
EMP-00891,36,Research & Development,Research Scientist,4750.67,4,3,1,No,No
EMP-00892,25,Research & Development,Manufacturing Director,3511.22,9,3,3,No,No
EMP-00893,38,Research & Development,Manufacturing Director,3435.48,3,4,2,No,No
EMP-00894,34,Human Resources,Healthcare Representative,2558.71,3,4,1,No,No
EMP-00895,58,Research & Development,Research Scientist,11256.7,4,4,4,Yes,No
EMP-00896,24,Research & Development,Research Scientist,3906.14,4,4,4,No,No
EMP-00897,34,Research & Development,Research Scientist,7781.06,1,1,3,No,No
EMP-00898,45,Sales,Manager,5337.41,1,3,3,Yes,No
EMP-00899,58,Research & Development,Sales Executive,7812.62,16,1,1,Yes,Yes
EMP-00900,32,Sales,Sales Executive,3241.51,3,2,3,Yes,No
EMP-00901,50,Sales,Manager,7774.63,1,3,2,No,No
EMP-00902,32,Sales,Laboratory Technician,8522.24,9,4,1,Yes,No
EMP-00903,42,Research & Development,Manager,1995.57,3,3,3,Yes,Yes
EMP-00904,59,Research & Development,Manufacturing Director,1931.64,2,3,4,No,No
EMP-00905,51,Research & Development,Manager,20549.9,21,3,3,Yes,No
EMP-00906,56,Research & Development,Sales Executive,2064.8,16,3,3,Yes,Yes
EMP-00907,23,Research & Development,Manufacturing Director,6696.05,1,4,2,No,No
EMP-00908,36,Research & Development,Manager,7699.13,15,2,3,No,No
EMP-00909,39,Research & Development,Research Scientist,1795.28,14,4,3,No,No
EMP-00910,30,Sales,Sales Executive,7675.96,7,2,1,No,No
EMP-00911,52,Research & Development,Manufacturing Director,3947.51,5,4,2,Yes,No
EMP-00912,58,Research & Development,Sales Executive,2945.1,2,1,2,No,Yes
EMP-00913,25,Research & Development,Research Scientist,6425.76,1,3,3,No,No
EMP-00914,58,Sales,Research Scientist,9557.28,6,4,1,No,No
EMP-00915,57,Research & Development,Research Scientist,5327.21,11,3,4,No,No
EMP-00916,37,Sales,Laboratory Technician,10702.77,8,3,4,Yes,Yes
EMP-00917,21,Sales,Manager,1601.74,2,3,2,No,No
EMP-00918,57,Research & Development,Manufacturing Director,7537.75,3,2,3,No,No
EMP-00919,36,Research & Development,Laboratory Technician,2335.24,5,1,3,No,No
EMP-00920,43,Research & Development,Healthcare Representative,3016.39,7,2,4,No,No
EMP-00921,49,Research & Development,Healthcare Representative,5321.5,1,2,1,No,Yes
EMP-00922,43,Research & Development,Sales Executive,2943.68,6,4,3,No,No
EMP-00923,23,Sales,Sales Executive,2328.48,9,4,2,No,No
EMP-00924,26,Research & Development,Sales Executive,20310.31,2,2,3,Yes,Yes
EMP-00925,34,Research & Development,Laboratory Technician,12174.84,2,4,2,No,No
EMP-00926,49,Research & Development,Manager,1666.72,2,2,2,No,No
EMP-00927,48,Research & Development,Research Scientist,4620.25,18,2,2,No,No
EMP-00928,32,Sales,Sales Executive,2524.89,4,4,1,No,No
EMP-00929,59,Research & Development,Sales Executive,10458.43,5,2,2,No,No
EMP-00930,58,Research & Development,Manager,4293.9,8,1,3,No,No
EMP-00931,48,Human Resources,Healthcare Representative,4429.34,3,4,3,Yes,No
EMP-00932,45,Research & Development,Research Scientist,5943.5,1,4,3,No,No
EMP-00933,55,Research & Development,Laboratory Technician,1757.54,7,3,1,Yes,No
EMP-00934,54,Sales,Manager,2112.73,7,2,2,Yes,Yes
EMP-00935,38,Research & Development,Research Scientist,4604.65,2,3,4,Yes,Yes
EMP-00936,21,Research & Development,Healthcare Representative,16810.83,1,3,2,No,No
EMP-00937,33,Research & Development,Laboratory Technician,9849.18,7,4,4,Yes,No
EMP-00938,35,Research & Development,Manufacturing Director,11406.68,8,4,4,Yes,No
EMP-00939,55,Research & Development,Sales Executive,2163.84,1,4,2,No,No
EMP-00940,59,Research & Development,Laboratory Technician,15832.73,8,4,4,No,No
EMP-00941,50,Sales,Healthcare Representative,7391.88,18,3,3,No,No
EMP-00942,54,Research & Development,Research Scientist,3273.26,2,3,3,Yes,Yes
EMP-00943,41,Human Resources,Laboratory Technician,10493.44,5,3,4,No,No
EMP-00944,40,Research & Development,Healthcare Representative,7690.16,8,3,3,Yes,Yes
EMP-00945,47,Sales,Manager,7501.83,2,2,3,No,No
EMP-00946,36,Human Resources,Laboratory Technician,7469.67,9,3,3,No,No
EMP-00947,37,Sales,Sales Executive,8761.72,13,2,3,No,No
EMP-00948,51,Research & Development,Manager,14850.33,11,4,3,No,No
EMP-00949,42,Sales,Research Scientist,2162.36,2,2,1,No,No
EMP-00950,25,Sales,Manager,35910.57,11,4,2,Yes,No
EMP-00951,48,Sales,Research Scientist,10762.72,4,3,4,No,No
EMP-00952,25,Research & Development,Laboratory Technician,4122.28,2,4,2,Yes,No
EMP-00953,52,Research & Development,Manager,2270.89,2,2,3,Yes,No
EMP-00954,51,Research & Development,Healthcare Representative,4221.37,15,4,3,Yes,No
EMP-00955,36,Research & Development,Sales Executive,8285.27,4,2,1,No,No
EMP-00956,23,Research & Development,Sales Executive,5650.99,13,3,2,No,No
EMP-00957,50,Research & Development,Laboratory Technician,2975.46,2,1,2,No,Yes
EMP-00958,41,Research & Development,Manufacturing Director,3849.97,9,3,3,No,No
EMP-00959,46,Sales,Manager,15385.34,1,4,4,No,No
EMP-00960,40,Sales,Laboratory Technician,8829.27,1,4,3,No,No
EMP-00961,39,Research & Development,Manager,2096.11,33,1,3,No,No
EMP-00962,53,Sales,Sales Executive,5047.44,1,3,3,No,No
EMP-00963,42,Research & Development,Manager,13530.43,4,4,4,No,No
EMP-00964,35,Sales,Research Scientist,1657.1,13,3,3,Yes,No
EMP-00965,25,Research & Development,Laboratory Technician,1695.66,11,1,1,No,No
EMP-00966,35,Sales,Laboratory Technician,7176.14,4,2,3,No,No
EMP-00967,26,Research & Development,Research Scientist,5356.28,6,3,4,No,Yes
EMP-00968,33,Sales,Manager,1711.91,7,2,3,No,No
EMP-00969,22,Research & Development,Laboratory Technician,26365.16,1,3,4,No,Yes
EMP-00970,52,Human Resources,Healthcare Representative,5404.77,3,3,2,No,No
EMP-00971,55,Research & Development,Research Scientist,4547.11,3,2,4,No,No
EMP-00972,58,Sales,Research Scientist,4171.46,3,3,2,No,Yes
EMP-00973,48,Research & Development,Manager,6928.15,2,4,1,No,No
EMP-00974,58,Research & Development,Research Scientist,4259.17,2,3,3,No,No
EMP-00975,23,Sales,Sales Executive,6342.44,3,2,2,No,No
EMP-00976,58,Research & Development,Laboratory Technician,4515.38,3,4,3,Yes,No
EMP-00977,59,Sales,Manufacturing Director,5745.53,5,1,4,Yes,No
EMP-00978,41,Sales,Laboratory Technician,8860.7,2,4,4,No,No
EMP-00979,34,Research & Development,Laboratory Technician,9146.35,10,4,3,No,No
EMP-00980,23,Sales,Sales Executive,10008.58,13,4,3,No,No
EMP-00981,37,Research & Development,Healthcare Representative,2520.88,2,3,4,No,No
EMP-00982,42,Sales,Healthcare Representative,1783.8,1,3,3,Yes,No
EMP-00983,57,Research & Development,Sales Executive,9639.3,8,4,4,No,No
EMP-00984,23,Research & Development,Sales Executive,1694.48,16,2,4,No,Yes
EMP-00985,23,Research & Development,Sales Executive,2580.68,1,1,2,Yes,No
EMP-00986,37,Sales,Laboratory Technician,4861.35,1,3,1,No,Yes
EMP-00987,20,Sales,Sales Executive,10203.07,2,4,3,No,No
EMP-00988,51,Research & Development,Manufacturing Director,11719.07,8,3,4,No,No
EMP-00989,40,Sales,Research Scientist,5950.49,21,3,4,No,No
EMP-00990,57,Research & Development,Healthcare Representative,16817.83,9,3,3,No,No
EMP-00991,45,Research & Development,Manager,7391.05,6,3,2,No,No
EMP-00992,40,Sales,Manufacturing Director,4875.87,8,1,2,No,No
EMP-00993,48,Research & Development,Manager,2149.34,2,3,4,No,No
EMP-00994,51,Research & Development,Healthcare Representative,4019.96,8,3,3,No,No
EMP-00995,23,Research & Development,Laboratory Technician,9275.5,3,3,3,No,No
EMP-00996,32,Research & Development,Laboratory Technician,3001.12,2,4,4,No,Yes
EMP-00997,54,Research & Development,Sales Executive,5385.27,2,3,4,No,No
EMP-00998,46,Sales,Healthcare Representative,19951.95,7,4,3,Yes,Yes
EMP-00999,20,Sales,Laboratory Technician,2362.53,9,3,3,Yes,No
EMP-01000,58,Research & Development,Laboratory Technician,1981.41,6,3,3,Yes,No
