PassengerId,Survived,Pclass,Name,Sex,Age,SibSp,Parch,Fare,Cabin,Embarked
1,1,1,"Passenger, Traveler 1",female,22.2,0,1,85.37,,S
2,0,2,"Passenger, Traveler 2",male,23.2,0,1,36.99,,S
3,1,1,"Passenger, Traveler 3",female,60.6,0,0,162.66,,S
4,1,2,"Passenger, Traveler 4",female,40.9,0,0,19.52,,S
5,1,3,"Passenger, Traveler 5",female,28.0,1,0,15.06,,S
6,0,3,"Passenger, Traveler 6",male,36.2,0,0,7.97,,S
7,0,2,"Passenger, Traveler 7",male,43.1,2,0,24.57,,S
8,1,1,"Passenger, Traveler 8",female,33.9,0,1,173.07,,S
9,0,3,"Passenger, Traveler 9",male,14.7,0,0,42.78,C93,S
10,1,1,"Passenger, Traveler 10",male,27.7,0,0,68.99,,S
11,0,1,"Passenger, Traveler 11",male,15.5,0,1,131.15,,C
12,0,3,"Passenger, Traveler 12",male,,0,2,10.73,,S
13,0,3,"Passenger, Traveler 13",female,27.4,0,0,6.48,,S
14,0,3,"Passenger, Traveler 14",female,,2,0,11.08,C14,S
15,0,1,"Passenger, Traveler 15",male,,0,0,57.31,,S
16,0,3,"Passenger, Traveler 16",male,17.0,2,0,27.51,,S
17,1,1,"Passenger, Traveler 17",female,19.3,0,0,100.21,,Q
18,0,3,"Passenger, Traveler 18",male,20.9,0,0,16.94,C102,S
19,1,2,"Passenger, Traveler 19",female,25.1,0,2,22.53,,C
20,0,2,"Passenger, Traveler 20",male,34.5,1,0,50.05,,S
21,1,3,"Passenger, Traveler 21",female,18.3,0,2,61.22,,S
22,0,3,"Passenger, Traveler 22",female,31.4,2,2,7.26,,C
23,0,3,"Passenger, Traveler 23",male,31.5,0,0,19.13,,S
24,0,3,"Passenger, Traveler 24",male,37.7,1,0,12.71,C35,S
25,0,3,"Passenger, Traveler 25",male,26.6,0,0,41.25,,S
26,0,3,"Passenger, Traveler 26",female,41.8,0,0,21.59,C60,S
27,0,3,"Passenger, Traveler 27",male,35.1,0,1,69.19,,S
28,0,3,"Passenger, Traveler 28",male,,0,0,12.88,,C
29,1,1,"Passenger, Traveler 29",male,21.7,0,0,49.86,C47,S
30,0,2,"Passenger, Traveler 30",female,33.7,0,1,24.7,,Q
31,1,3,"Passenger, Traveler 31",female,34.8,0,0,16.42,,S
32,0,3,"Passenger, Traveler 32",male,,0,0,18.89,C12,S
33,0,1,"Passenger, Traveler 33",male,47.0,0,0,76.11,C94,S
34,0,1,"Passenger, Traveler 34",male,67.7,0,0,308.6,,S
35,1,3,"Passenger, Traveler 35",male,20.2,0,3,6.68,,S
36,1,3,"Passenger, Traveler 36",male,22.9,4,1,24.79,,S
37,0,3,"Passenger, Traveler 37",male,23.2,3,0,5.66,,Q
38,1,1,"Passenger, Traveler 38",female,,0,0,54.43,,C
39,0,3,"Passenger, Traveler 39",male,17.0,8,0,7.09,,S
40,1,1,"Passenger, Traveler 40",female,42.1,0,0,115.74,,S
41,0,1,"Passenger, Traveler 41",male,28.5,0,0,82.66,,Q
42,1,1,"Passenger, Traveler 42",male,57.5,0,0,32.33,C68,S
43,0,3,"Passenger, Traveler 43",male,25.5,2,0,5.0,,C
44,1,3,"Passenger, Traveler 44",female,35.7,0,2,4.72,,S
45,0,3,"Passenger, Traveler 45",male,16.6,1,0,11.02,C22,S
46,1,2,"Passenger, Traveler 46",female,28.1,1,0,22.31,,Q
47,0,3,"Passenger, Traveler 47",male,31.0,0,0,7.96,,S
48,0,3,"Passenger, Traveler 48",male,0.4,0,6,15.72,,C
49,1,3,"Passenger, Traveler 49",female,17.7,0,1,4.63,C104,S
50,0,3,"Passenger, Traveler 50",male,38.9,0,1,23.47,,S
51,0,2,"Passenger, Traveler 51",male,38.1,0,0,10.55,,C
52,0,3,"Passenger, Traveler 52",male,11.6,0,0,46.33,C90,S
53,0,3,"Passenger, Traveler 53",female,24.5,0,0,31.57,,C
54,1,3,"Passenger, Traveler 54",female,0.4,0,0,8.4,C44,S
55,0,3,"Passenger, Traveler 55",male,,0,0,9.1,,S
56,0,1,"Passenger, Traveler 56",male,48.0,0,2,180.56,C96,S
57,1,3,"Passenger, Traveler 57",female,48.6,0,0,5.44,,S
58,0,3,"Passenger, Traveler 58",female,48.1,0,0,7.77,C12,C
59,1,1,"Passenger, Traveler 59",male,37.3,0,0,67.65,C62,S
60,0,3,"Passenger, Traveler 60",female,46.5,2,0,10.07,C64,S
61,0,2,"Passenger, Traveler 61",male,27.0,0,0,10.99,,C
62,0,2,"Passenger, Traveler 62",male,22.1,0,0,26.4,C54,S
63,0,3,"Passenger, Traveler 63",male,46.2,1,0,4.27,,C
64,0,3,"Passenger, Traveler 64",male,33.9,0,1,16.71,,Q
65,1,1,"Passenger, Traveler 65",male,,1,0,222.14,C75,S
66,0,2,"Passenger, Traveler 66",female,47.3,0,1,10.34,,S
67,0,1,"Passenger, Traveler 67",male,26.5,1,1,35.63,,S
68,0,1,"Passenger, Traveler 68",male,20.0,2,1,157.53,,C
69,1,1,"Passenger, Traveler 69",male,,0,0,166.2,,S
70,1,1,"Passenger, Traveler 70",female,41.9,0,0,153.22,,C
71,1,2,"Passenger, Traveler 71",female,15.8,1,0,72.15,,S
72,0,3,"Passenger, Traveler 72",male,27.4,1,0,11.27,,C
73,0,3,"Passenger, Traveler 73",male,16.5,1,1,23.29,,C
74,0,3,"Passenger, Traveler 74",male,16.9,0,0,17.18,C76,Q
75,0,3,"Passenger, Traveler 75",male,0.4,1,1,4.83,,S
76,1,2,"Passenger, Traveler 76",male,,0,0,86.48,,S
77,0,3,"Passenger, Traveler 77",male,27.2,0,0,7.74,,S
78,1,3,"Passenger, Traveler 78",female,0.4,0,2,5.24,,S
79,0,3,"Passenger, Traveler 79",male,,0,0,10.1,,S
80,1,1,"Passenger, Traveler 80",male,,0,1,198.63,,Q
81,0,2,"Passenger, Traveler 81",male,9.2,0,0,18.82,,C
82,0,3,"Passenger, Traveler 82",male,27.4,0,2,17.54,,S
83,1,2,"Passenger, Traveler 83",male,5.7,0,0,34.6,,C
84,0,3,"Passenger, Traveler 84",male,35.6,2,0,22.97,,S
85,1,1,"Passenger, Traveler 85",female,25.0,0,0,71.76,C93,S
86,1,1,"Passenger, Traveler 86",male,16.4,0,0,158.28,,C
87,1,3,"Passenger, Traveler 87",male,0.4,0,2,25.32,,Q
88,0,3,"Passenger, Traveler 88",male,16.7,0,1,5.88,C53,S
89,0,2,"Passenger, Traveler 89",female,,0,0,14.03,C82,C
90,0,3,"Passenger, Traveler 90",male,52.2,0,0,39.1,,C
91,1,1,"Passenger, Traveler 91",female,26.5,0,0,60.74,,S
92,0,3,"Passenger, Traveler 92",male,28.2,5,0,7.32,,S
93,0,3,"Passenger, Traveler 93",male,19.9,0,0,12.3,,C
94,1,3,"Passenger, Traveler 94",female,47.5,0,0,9.18,,C
95,0,1,"Passenger, Traveler 95",male,26.2,0,0,180.1,,S
96,0,2,"Passenger, Traveler 96",male,42.7,0,0,26.34,C77,S
97,0,3,"Passenger, Traveler 97",male,33.3,0,0,7.28,,S
98,1,1,"Passenger, Traveler 98",female,31.5,0,0,130.98,,S
99,0,3,"Passenger, Traveler 99",male,14.9,0,2,19.08,,S
100,0,3,"Passenger, Traveler 100",male,55.5,0,0,24.71,,S
101,0,2,"Passenger, Traveler 101",male,51.0,0,0,32.13,,C
102,0,3,"Passenger, Traveler 102",male,62.7,0,0,21.31,C71,S
103,0,2,"Passenger, Traveler 103",male,13.8,1,0,16.18,C34,C
104,0,3,"Passenger, Traveler 104",male,33.5,0,0,9.57,C61,Q
105,0,3,"Passenger, Traveler 105",male,18.2,0,0,27.17,,C
106,0,3,"Passenger, Traveler 106",male,36.1,0,0,10.06,C59,Q
107,1,1,"Passenger, Traveler 107",male,33.9,4,0,194.53,,Q
108,0,3,"Passenger, Traveler 108",male,,1,2,5.74,,S
109,1,3,"Passenger, Traveler 109",female,26.4,0,0,10.41,,C
110,1,1,"Passenger, Traveler 110",female,60.0,2,3,64.11,,S
111,0,2,"Passenger, Traveler 111",female,27.7,0,0,28.24,,S
112,0,2,"Passenger, Traveler 112",male,0.4,5,0,21.23,,S
113,0,3,"Passenger, Traveler 113",female,21.9,0,0,24.96,C10,S
114,0,3,"Passenger, Traveler 114",female,13.8,0,0,17.78,,S
115,0,3,"Passenger, Traveler 115",male,16.4,0,0,26.58,,S
116,0,3,"Passenger, Traveler 116",male,40.0,0,0,4.79,,S
117,0,3,"Passenger, Traveler 117",male,,0,0,30.58,,Q
118,1,1,"Passenger, Traveler 118",female,17.5,0,0,100.21,,S
119,0,1,"Passenger, Traveler 119",male,21.7,0,0,106.32,C48,S
120,0,1,"Passenger, Traveler 120",male,,0,0,79.0,,S
121,0,3,"Passenger, Traveler 121",male,,0,0,16.56,,S
122,0,3,"Passenger, Traveler 122",female,,2,0,17.31,,C
123,0,3,"Passenger, Traveler 123",male,39.5,1,1,61.8,,S
124,1,2,"Passenger, Traveler 124",female,14.7,4,0,10.64,,S
125,1,3,"Passenger, Traveler 125",female,4.9,1,0,8.82,,C
126,0,3,"Passenger, Traveler 126",male,47.5,1,0,12.15,,S
127,0,3,"Passenger, Traveler 127",male,57.5,0,0,8.57,,C
128,0,3,"Passenger, Traveler 128",male,4.2,0,1,6.18,,S
129,0,2,"Passenger, Traveler 129",female,62.2,0,0,142.21,,S
130,1,3,"Passenger, Traveler 130",female,28.2,0,0,6.51,,S
131,0,3,"Passenger, Traveler 131",female,32.1,1,2,11.96,,S
132,0,3,"Passenger, Traveler 132",male,10.6,0,0,27.66,,S
133,0,2,"Passenger, Traveler 133",male,4.0,2,0,18.73,C61,S
134,0,1,"Passenger, Traveler 134",male,0.4,0,0,90.28,,C
135,0,2,"Passenger, Traveler 135",male,44.6,1,0,17.02,C85,C
136,1,3,"Passenger, Traveler 136",female,28.5,0,0,6.81,C49,S
137,0,3,"Passenger, Traveler 137",male,36.4,0,0,6.94,C113,S
138,0,2,"Passenger, Traveler 138",male,46.1,3,1,31.64,C69,Q
139,0,3,"Passenger, Traveler 139",male,28.3,0,0,8.92,,S
140,0,3,"Passenger, Traveler 140",male,54.2,0,0,12.86,,S
141,0,2,"Passenger, Traveler 141",male,17.7,0,0,17.77,,S
142,1,3,"Passenger, Traveler 142",male,23.6,0,2,11.84,,C
143,0,3,"Passenger, Traveler 143",female,16.6,0,0,8.14,,S
144,0,1,"Passenger, Traveler 144",male,41.8,0,1,131.91,,Q
145,0,2,"Passenger, Traveler 145",male,45.8,0,0,40.1,,S
146,0,3,"Passenger, Traveler 146",male,23.1,0,0,8.25,,S
147,1,1,"Passenger, Traveler 147",female,9.5,0,0,49.03,C97,S
148,0,3,"Passenger, Traveler 148",male,47.5,1,2,7.51,C82,S
149,1,3,"Passenger, Traveler 149",female,16.9,1,0,5.48,,S
150,0,1,"Passenger, Traveler 150",male,,0,0,44.49,,Q
151,0,1,"Passenger, Traveler 151",male,14.1,0,2,50.46,,S
152,0,3,"Passenger, Traveler 152",male,33.9,0,0,10.21,,C
153,0,3,"Passenger, Traveler 153",male,,1,0,6.5,C119,S
154,0,3,"Passenger, Traveler 154",female,,1,0,17.42,C93,S
155,0,1,"Passenger, Traveler 155",male,21.6,1,0,89.5,,S
156,0,3,"Passenger, Traveler 156",male,37.5,0,1,12.09,,S
157,1,2,"Passenger, Traveler 157",male,16.3,0,2,20.91,,S
158,1,3,"Passenger, Traveler 158",female,47.5,0,0,4.01,,C
159,0,3,"Passenger, Traveler 159",female,,0,0,24.34,,S
160,0,1,"Passenger, Traveler 160",male,31.0,0,0,52.84,C78,S
161,0,3,"Passenger, Traveler 161",male,12.5,0,0,5.04,,S
162,1,1,"Passenger, Traveler 162",female,29.5,1,0,145.75,,Q
163,1,3,"Passenger, Traveler 163",female,13.0,0,0,13.46,,C
164,0,2,"Passenger, Traveler 164",male,,1,0,17.23,,S
165,0,3,"Passenger, Traveler 165",male,15.8,0,0,9.43,C29,S
166,0,2,"Passenger, Traveler 166",female,,1,0,55.28,,C
167,0,3,"Passenger, Traveler 167",male,36.5,8,1,6.81,C94,C
168,0,3,"Passenger, Traveler 168",male,,2,0,9.08,C11,S
169,0,3,"Passenger, Traveler 169",female,,1,0,7.99,C94,S
170,0,3,"Passenger, Traveler 170",male,35.6,1,0,18.75,,C
171,1,3,"Passenger, Traveler 171",female,35.6,0,1,28.82,,S
172,0,1,"Passenger, Traveler 172",male,,0,0,234.89,C115,S
173,0,1,"Passenger, Traveler 173",female,18.9,0,0,100.68,C97,S
174,0,3,"Passenger, Traveler 174",male,29.7,1,0,47.27,,S
175,0,1,"Passenger, Traveler 175",female,55.0,5,0,174.26,,Q
176,0,2,"Passenger, Traveler 176",male,9.8,0,1,103.16,,S
177,1,1,"Passenger, Traveler 177",male,0.4,0,0,57.88,C18,C
178,1,3,"Passenger, Traveler 178",male,37.5,1,0,4.07,,S
179,0,2,"Passenger, Traveler 179",female,44.8,4,0,22.72,,C
180,0,1,"Passenger, Traveler 180",male,0.4,0,0,50.22,,S
181,0,2,"Passenger, Traveler 181",male,25.1,0,0,28.18,C48,S
182,0,3,"Passenger, Traveler 182",male,14.9,0,0,25.53,,C
183,0,3,"Passenger, Traveler 183",male,34.2,0,0,22.45,,S
184,0,3,"Passenger, Traveler 184",male,29.2,0,0,33.15,,S
185,1,3,"Passenger, Traveler 185",female,,0,0,11.71,,S
186,1,1,"Passenger, Traveler 186",male,10.2,1,0,176.53,,S
187,1,1,"Passenger, Traveler 187",male,35.3,0,0,34.91,,S
188,1,1,"Passenger, Traveler 188",female,38.7,0,0,134.65,,C
189,0,3,"Passenger, Traveler 189",female,30.4,1,0,9.71,,S
190,1,3,"Passenger, Traveler 190",female,0.6,3,0,10.0,,S
191,0,1,"Passenger, Traveler 191",male,35.7,5,2,70.74,,S
192,0,3,"Passenger, Traveler 192",male,19.1,0,0,28.98,C39,S
193,0,3,"Passenger, Traveler 193",male,4.4,3,2,8.45,C63,C
194,0,3,"Passenger, Traveler 194",male,,0,0,23.4,,C
195,0,3,"Passenger, Traveler 195",female,40.8,1,0,27.32,,S
196,0,3,"Passenger, Traveler 196",male,20.8,0,0,10.92,,S
197,0,3,"Passenger, Traveler 197",male,,0,0,9.92,C91,S
198,0,3,"Passenger, Traveler 198",female,41.9,0,0,18.31,,S
199,0,3,"Passenger, Traveler 199",male,29.4,0,1,16.31,,S
200,1,3,"Passenger, Traveler 200",female,38.3,1,1,7.98,C67,S
201,0,3,"Passenger, Traveler 201",male,43.9,0,0,5.08,,S
202,0,3,"Passenger, Traveler 202",male,,0,0,7.08,,S
203,0,2,"Passenger, Traveler 203",male,0.4,0,2,92.41,,S
204,0,3,"Passenger, Traveler 204",male,,0,1,7.49,,S
205,0,2,"Passenger, Traveler 205",male,45.2,8,0,31.59,C53,Q
206,0,3,"Passenger, Traveler 206",male,,1,0,14.15,,S
207,0,3,"Passenger, Traveler 207",male,22.5,4,0,34.9,,S
208,0,3,"Passenger, Traveler 208",male,57.1,0,0,15.58,,S
209,0,3,"Passenger, Traveler 209",male,19.1,0,0,30.13,,C
210,0,3,"Passenger, Traveler 210",male,,0,0,19.33,,S
211,0,2,"Passenger, Traveler 211",male,,0,0,25.85,,S
212,0,3,"Passenger, Traveler 212",male,26.6,0,0,9.35,,S
213,1,3,"Passenger, Traveler 213",male,49.2,1,0,7.93,,C
214,0,2,"Passenger, Traveler 214",male,24.3,0,2,21.8,,C
215,0,3,"Passenger, Traveler 215",male,,0,2,27.58,,S
216,0,1,"Passenger, Traveler 216",male,,0,0,43.12,,C
217,0,3,"Passenger, Traveler 217",male,43.7,0,0,4.09,,S
218,1,1,"Passenger, Traveler 218",female,9.8,1,0,365.77,,Q
219,0,3,"Passenger, Traveler 219",male,0.4,0,0,7.36,,Q
220,0,2,"Passenger, Traveler 220",male,30.1,0,0,41.86,,S
221,1,3,"Passenger, Traveler 221",female,17.4,0,0,20.35,,C
222,1,1,"Passenger, Traveler 222",female,50.9,2,0,55.03,,S
223,1,2,"Passenger, Traveler 223",female,28.5,2,0,44.06,,S
224,0,3,"Passenger, Traveler 224",male,32.9,1,0,28.61,,S
225,1,1,"Passenger, Traveler 225",male,25.2,0,1,45.12,,S
226,0,3,"Passenger, Traveler 226",female,,0,0,11.0,,S
227,1,1,"Passenger, Traveler 227",female,30.5,0,0,132.3,,Q
228,0,2,"Passenger, Traveler 228",male,44.4,8,0,62.47,C52,S
229,0,3,"Passenger, Traveler 229",male,,8,0,19.92,C19,S
230,0,3,"Passenger, Traveler 230",female,24.1,1,0,9.96,,S
231,0,3,"Passenger, Traveler 231",male,41.4,0,1,5.79,C118,S
232,0,3,"Passenger, Traveler 232",male,5.3,3,0,4.99,,Q
233,0,2,"Passenger, Traveler 233",male,46.9,0,1,22.35,,S
234,0,2,"Passenger, Traveler 234",male,18.0,1,0,11.57,,S
235,1,1,"Passenger, Traveler 235",male,,0,0,30.89,C114,Q
236,0,3,"Passenger, Traveler 236",male,34.0,0,0,10.37,,S
237,0,3,"Passenger, Traveler 237",female,0.4,0,0,5.55,,Q
238,1,1,"Passenger, Traveler 238",male,,0,0,72.59,C57,S
239,1,1,"Passenger, Traveler 239",male,48.8,0,2,43.67,C94,C
240,1,1,"Passenger, Traveler 240",female,25.3,1,0,116.43,,S
241,0,3,"Passenger, Traveler 241",male,26.6,0,0,15.7,,Q
242,0,3,"Passenger, Traveler 242",male,18.6,0,1,13.01,,S
243,0,2,"Passenger, Traveler 243",male,,0,0,10.01,,S
244,0,3,"Passenger, Traveler 244",male,23.0,0,0,5.63,C95,C
245,0,2,"Passenger, Traveler 245",male,55.7,8,0,39.14,,S
246,1,3,"Passenger, Traveler 246",female,46.5,0,0,13.7,C26,C
247,0,3,"Passenger, Traveler 247",female,,0,0,22.78,C14,C
248,1,2,"Passenger, Traveler 248",female,30.9,2,0,11.87,,S
249,0,3,"Passenger, Traveler 249",male,22.6,1,0,17.45,,S
250,0,3,"Passenger, Traveler 250",male,,0,0,19.19,,Q
251,0,1,"Passenger, Traveler 251",male,52.2,1,0,31.42,,C
252,0,3,"Passenger, Traveler 252",male,,0,0,8.84,,S
253,0,3,"Passenger, Traveler 253",male,,1,0,14.72,,S
254,0,3,"Passenger, Traveler 254",female,,0,2,4.98,,S
255,0,2,"Passenger, Traveler 255",male,33.4,8,0,33.44,,S
256,1,2,"Passenger, Traveler 256",male,41.0,0,1,10.0,,S
257,0,3,"Passenger, Traveler 257",male,16.7,0,0,6.11,,C
258,0,3,"Passenger, Traveler 258",male,15.7,0,0,14.91,,C
259,1,2,"Passenger, Traveler 259",female,8.8,0,0,29.37,,C
260,0,3,"Passenger, Traveler 260",female,54.4,2,1,39.7,,S
261,0,2,"Passenger, Traveler 261",male,,0,0,26.48,,S
262,0,2,"Passenger, Traveler 262",male,,0,1,48.87,,C
263,0,3,"Passenger, Traveler 263",female,25.3,0,4,21.1,C79,C
264,1,1,"Passenger, Traveler 264",female,14.9,0,0,49.6,,S
265,1,1,"Passenger, Traveler 265",female,26.8,4,0,58.66,,S
266,0,3,"Passenger, Traveler 266",male,,0,0,22.93,,S
267,0,1,"Passenger, Traveler 267",male,47.8,0,0,82.08,,S
268,0,3,"Passenger, Traveler 268",male,,1,0,9.33,,S
269,0,3,"Passenger, Traveler 269",male,21.2,1,1,12.17,,S
270,1,3,"Passenger, Traveler 270",female,37.7,0,0,16.51,,S
271,1,1,"Passenger, Traveler 271",male,30.4,0,0,86.75,,Q
272,0,2,"Passenger, Traveler 272",male,30.6,1,0,21.19,,S
273,0,3,"Passenger, Traveler 273",male,,1,2,13.38,,S
274,0,3,"Passenger, Traveler 274",female,41.0,1,0,8.42,,C
275,0,3,"Passenger, Traveler 275",male,50.2,8,2,18.92,C83,S
276,0,2,"Passenger, Traveler 276",male,,1,3,77.81,C73,C
277,0,3,"Passenger, Traveler 277",male,26.9,1,0,6.67,,C
278,0,2,"Passenger, Traveler 278",male,0.4,3,0,40.86,C116,Q
279,0,3,"Passenger, Traveler 279",male,33.1,0,0,13.92,,S
280,0,3,"Passenger, Traveler 280",male,31.2,0,0,9.99,,S
281,1,1,"Passenger, Traveler 281",female,14.9,0,0,64.44,,S
282,0,3,"Passenger, Traveler 282",male,,0,0,7.95,C75,C
283,0,1,"Passenger, Traveler 283",male,15.3,1,0,124.01,,S
284,0,3,"Passenger, Traveler 284",female,33.7,1,0,5.14,,S
285,0,3,"Passenger, Traveler 285",female,17.8,1,0,11.92,C80,S
286,1,1,"Passenger, Traveler 286",female,32.1,8,0,54.0,,S
287,0,3,"Passenger, Traveler 287",male,64.2,0,0,12.57,C119,S
288,0,3,"Passenger, Traveler 288",male,27.0,1,1,21.5,,S
289,0,3,"Passenger, Traveler 289",male,,0,0,5.36,,S
290,1,1,"Passenger, Traveler 290",female,8.6,0,0,67.63,C13,S
291,0,3,"Passenger, Traveler 291",female,34.5,0,1,13.4,,C
292,0,1,"Passenger, Traveler 292",male,58.7,1,2,96.74,C110,C
293,0,3,"Passenger, Traveler 293",male,16.6,0,0,15.9,C92,S
294,0,3,"Passenger, Traveler 294",male,0.4,1,0,17.06,,S
295,1,1,"Passenger, Traveler 295",male,,0,0,68.05,,S
296,0,1,"Passenger, Traveler 296",male,66.2,0,0,175.53,,S
297,0,3,"Passenger, Traveler 297",male,40.7,0,1,15.88,,S
298,0,3,"Passenger, Traveler 298",male,35.9,0,0,16.9,,S
299,0,3,"Passenger, Traveler 299",male,,4,1,54.33,C37,Q
300,1,1,"Passenger, Traveler 300",male,39.6,0,0,69.03,,Q
301,0,3,"Passenger, Traveler 301",male,38.9,5,0,15.61,C93,S
302,0,1,"Passenger, Traveler 302",male,33.8,5,0,99.65,C103,S
303,1,3,"Passenger, Traveler 303",female,15.9,8,0,24.24,C115,S
304,0,3,"Passenger, Traveler 304",male,33.7,0,0,61.56,C47,S
305,0,3,"Passenger, Traveler 305",male,28.3,4,0,19.1,,S
306,0,1,"Passenger, Traveler 306",male,,0,0,34.1,C75,C
307,0,3,"Passenger, Traveler 307",male,,0,1,4.82,,S
308,0,3,"Passenger, Traveler 308",male,,0,0,16.97,,C
309,0,3,"Passenger, Traveler 309",male,30.7,3,0,16.33,,S
310,0,2,"Passenger, Traveler 310",male,36.3,0,0,19.39,,Q
311,0,3,"Passenger, Traveler 311",female,38.4,0,1,5.33,,S
312,1,3,"Passenger, Traveler 312",female,,0,3,14.61,,S
313,1,1,"Passenger, Traveler 313",male,36.2,0,0,30.94,,S
314,1,2,"Passenger, Traveler 314",female,39.6,0,1,41.59,,C
315,1,1,"Passenger, Traveler 315",male,43.8,1,0,34.59,,S
316,0,2,"Passenger, Traveler 316",male,,0,1,22.85,C76,S
317,0,2,"Passenger, Traveler 317",male,38.5,1,0,30.69,,S
318,0,3,"Passenger, Traveler 318",male,23.6,1,0,4.09,,S
319,0,3,"Passenger, Traveler 319",male,67.1,4,0,14.03,C69,S
320,0,3,"Passenger, Traveler 320",male,28.8,0,0,5.2,C56,S
321,1,1,"Passenger, Traveler 321",female,46.0,0,0,88.96,C115,S
322,0,3,"Passenger, Traveler 322",male,22.6,0,5,29.98,,Q
323,0,3,"Passenger, Traveler 323",male,35.1,0,0,38.82,,S
324,0,2,"Passenger, Traveler 324",male,,1,0,10.76,,C
325,0,1,"Passenger, Traveler 325",male,37.4,0,1,125.81,,S
326,0,3,"Passenger, Traveler 326",male,17.4,1,1,8.36,,S
327,0,3,"Passenger, Traveler 327",female,35.3,1,0,27.07,,S
328,0,3,"Passenger, Traveler 328",male,22.7,0,0,19.49,C112,S
329,0,3,"Passenger, Traveler 329",female,,0,0,4.77,,S
330,1,1,"Passenger, Traveler 330",male,17.0,0,1,44.31,,S
331,1,3,"Passenger, Traveler 331",female,,0,1,8.11,,S
332,1,2,"Passenger, Traveler 332",female,29.3,0,0,20.86,,C
333,1,1,"Passenger, Traveler 333",female,56.6,8,0,30.83,,S
334,1,1,"Passenger, Traveler 334",female,45.9,0,1,64.83,,C
335,1,2,"Passenger, Traveler 335",male,49.6,0,2,17.03,,Q
336,0,3,"Passenger, Traveler 336",male,18.5,0,1,41.15,C34,S
337,1,3,"Passenger, Traveler 337",male,,0,0,31.77,C75,C
338,0,3,"Passenger, Traveler 338",male,,1,0,9.58,,S
339,0,1,"Passenger, Traveler 339",female,46.3,1,0,87.31,,C
340,0,3,"Passenger, Traveler 340",male,35.2,1,0,21.69,,S
341,0,3,"Passenger, Traveler 341",male,18.8,1,1,411.22,,S
342,0,3,"Passenger, Traveler 342",male,19.4,0,0,4.71,,S
343,0,3,"Passenger, Traveler 343",female,,0,1,7.6,,C
344,0,3,"Passenger, Traveler 344",female,,0,0,7.86,,Q
345,0,2,"Passenger, Traveler 345",male,30.5,1,1,67.15,,S
346,0,3,"Passenger, Traveler 346",male,,1,0,5.85,,S
347,0,3,"Passenger, Traveler 347",male,42.7,1,0,10.86,,C
348,0,3,"Passenger, Traveler 348",male,14.4,0,0,14.88,,S
349,0,3,"Passenger, Traveler 349",male,,0,0,10.88,,S
350,1,2,"Passenger, Traveler 350",female,31.3,3,2,27.6,,S
351,0,3,"Passenger, Traveler 351",male,11.6,0,0,4.69,,C
352,0,3,"Passenger, Traveler 352",male,26.7,1,0,24.87,C112,C
353,0,3,"Passenger, Traveler 353",male,,0,1,31.98,,S
354,1,1,"Passenger, Traveler 354",female,17.6,0,1,99.56,,C
355,1,3,"Passenger, Traveler 355",female,31.5,1,0,25.32,,S
356,0,1,"Passenger, Traveler 356",male,0.4,0,2,45.2,,Q
357,1,3,"Passenger, Traveler 357",female,27.7,1,0,19.97,,S
358,0,3,"Passenger, Traveler 358",male,,1,0,5.27,,S
359,0,2,"Passenger, Traveler 359",male,24.6,0,0,54.3,C88,C
360,0,1,"Passenger, Traveler 360",male,35.9,1,0,375.08,,S
361,1,1,"Passenger, Traveler 361",female,13.4,0,0,32.05,,C
362,0,3,"Passenger, Traveler 362",male,,0,0,7.59,,S
363,1,3,"Passenger, Traveler 363",female,18.4,1,0,14.14,C76,Q
364,0,3,"Passenger, Traveler 364",male,10.3,0,1,8.58,,S
365,1,1,"Passenger, Traveler 365",female,43.9,0,0,38.8,,S
366,0,3,"Passenger, Traveler 366",female,15.8,1,6,14.05,,C
367,0,3,"Passenger, Traveler 367",male,23.6,0,1,6.42,,S
368,1,2,"Passenger, Traveler 368",female,21.4,1,0,60.63,,S
369,0,3,"Passenger, Traveler 369",male,32.8,1,0,22.8,,S
370,1,2,"Passenger, Traveler 370",female,30.2,0,0,27.69,,S
371,1,3,"Passenger, Traveler 371",female,27.3,0,1,11.67,,S
372,0,2,"Passenger, Traveler 372",male,,0,0,19.51,C78,C
373,1,2,"Passenger, Traveler 373",female,25.9,0,0,15.05,C49,S
374,0,3,"Passenger, Traveler 374",male,34.0,1,2,7.48,,C
375,0,3,"Passenger, Traveler 375",female,31.4,1,0,10.45,,S
376,0,2,"Passenger, Traveler 376",female,46.0,0,0,16.43,,S
377,0,3,"Passenger, Traveler 377",male,40.8,0,0,7.34,,S
378,0,3,"Passenger, Traveler 378",male,45.7,8,1,4.64,,S
379,1,1,"Passenger, Traveler 379",male,49.3,0,2,103.0,,S
380,0,3,"Passenger, Traveler 380",female,32.4,1,0,7.87,,S
381,1,3,"Passenger, Traveler 381",female,42.1,1,0,36.66,,C
382,0,3,"Passenger, Traveler 382",male,34.6,0,1,12.91,,S
383,0,2,"Passenger, Traveler 383",female,48.9,0,1,14.43,,Q
384,0,3,"Passenger, Traveler 384",male,4.3,1,1,4.46,C109,Q
385,0,3,"Passenger, Traveler 385",male,25.1,0,0,5.13,,S
386,0,3,"Passenger, Traveler 386",male,35.6,0,2,20.85,C59,C
387,0,1,"Passenger, Traveler 387",male,38.0,1,0,40.53,C49,S
388,0,3,"Passenger, Traveler 388",male,,1,0,6.12,,S
389,0,1,"Passenger, Traveler 389",male,,0,0,30.71,,S
390,1,3,"Passenger, Traveler 390",male,27.1,0,0,11.74,,C
391,1,3,"Passenger, Traveler 391",female,41.5,0,1,22.55,,Q
392,0,1,"Passenger, Traveler 392",male,25.1,0,0,52.31,,S
393,0,2,"Passenger, Traveler 393",male,31.0,0,1,24.99,,S
394,0,3,"Passenger, Traveler 394",male,57.5,0,0,16.62,C111,S
395,0,3,"Passenger, Traveler 395",male,27.0,0,0,42.12,C46,S
396,0,2,"Passenger, Traveler 396",male,27.4,0,0,29.57,,S
397,0,3,"Passenger, Traveler 397",male,32.5,0,0,7.23,,C
398,0,3,"Passenger, Traveler 398",male,33.1,0,0,16.36,C100,S
399,1,3,"Passenger, Traveler 399",female,31.7,0,0,18.41,,S
400,0,3,"Passenger, Traveler 400",male,,0,0,17.08,,S
401,0,2,"Passenger, Traveler 401",male,12.4,1,0,20.78,,S
402,0,3,"Passenger, Traveler 402",male,27.9,0,1,27.41,,S
403,1,2,"Passenger, Traveler 403",male,,1,0,21.06,,S
404,1,1,"Passenger, Traveler 404",female,30.5,2,0,149.33,,Q
405,0,2,"Passenger, Traveler 405",female,,0,0,49.61,,C
406,0,3,"Passenger, Traveler 406",male,27.7,1,2,6.91,,S
407,0,3,"Passenger, Traveler 407",male,16.0,0,0,4.6,,S
408,0,1,"Passenger, Traveler 408",female,,0,0,102.16,,S
409,0,3,"Passenger, Traveler 409",male,55.8,0,1,21.14,,C
410,0,3,"Passenger, Traveler 410",male,50.7,0,0,5.35,,S
411,0,3,"Passenger, Traveler 411",male,,0,0,15.14,,Q
412,1,3,"Passenger, Traveler 412",female,21.8,0,4,4.04,,Q
413,1,1,"Passenger, Traveler 413",female,28.1,0,0,82.44,,S
414,0,1,"Passenger, Traveler 414",male,47.7,2,0,103.45,,Q
415,0,3,"Passenger, Traveler 415",male,4.3,0,0,4.87,,Q
416,0,3,"Passenger, Traveler 416",male,21.7,0,2,22.7,,S
417,1,2,"Passenger, Traveler 417",female,35.7,0,0,11.3,,S
418,0,3,"Passenger, Traveler 418",male,34.0,0,0,18.09,,C
419,1,3,"Passenger, Traveler 419",female,23.5,1,0,6.78,,S
420,0,3,"Passenger, Traveler 420",male,26.0,0,0,11.41,,S
421,1,2,"Passenger, Traveler 421",female,34.5,0,0,19.29,,S
422,0,3,"Passenger, Traveler 422",male,23.7,1,0,7.3,,S
423,0,3,"Passenger, Traveler 423",male,14.3,1,0,11.26,C78,Q
424,1,1,"Passenger, Traveler 424",female,27.0,0,0,144.27,,S
425,1,1,"Passenger, Traveler 425",female,32.4,0,1,98.05,,C
426,0,3,"Passenger, Traveler 426",male,0.4,0,0,7.52,,S
427,0,3,"Passenger, Traveler 427",male,,0,1,30.12,,S
428,0,2,"Passenger, Traveler 428",male,43.8,0,0,17.64,,S
429,0,2,"Passenger, Traveler 429",male,24.5,0,0,75.71,,S
430,0,1,"Passenger, Traveler 430",female,24.8,2,0,36.98,,S
431,0,1,"Passenger, Traveler 431",male,,0,0,92.57,C26,C
432,1,2,"Passenger, Traveler 432",female,27.5,0,2,10.31,,S
433,0,3,"Passenger, Traveler 433",male,21.6,0,4,19.64,,S
434,0,3,"Passenger, Traveler 434",female,50.7,0,0,5.74,,S
435,0,3,"Passenger, Traveler 435",male,31.5,0,0,6.9,,S
436,0,2,"Passenger, Traveler 436",male,0.4,0,0,11.7,,Q
437,0,2,"Passenger, Traveler 437",male,38.0,0,1,15.29,,S
438,0,2,"Passenger, Traveler 438",female,54.6,0,0,75.54,,S
439,0,1,"Passenger, Traveler 439",male,37.1,0,0,30.65,,S
440,0,1,"Passenger, Traveler 440",male,47.0,0,0,51.84,,S
441,1,2,"Passenger, Traveler 441",female,39.5,0,2,46.64,,C
442,0,3,"Passenger, Traveler 442",female,44.1,0,0,7.24,C71,S
443,0,2,"Passenger, Traveler 443",female,43.4,0,0,20.79,C111,C
444,0,3,"Passenger, Traveler 444",male,,0,0,8.78,C118,C
445,0,2,"Passenger, Traveler 445",male,34.3,1,0,18.61,,S
446,0,2,"Passenger, Traveler 446",female,4.8,1,0,17.35,,S
447,0,3,"Passenger, Traveler 447",male,13.9,0,2,14.86,,Q
448,0,1,"Passenger, Traveler 448",male,14.2,1,1,199.85,C50,Q
449,1,1,"Passenger, Traveler 449",male,0.4,0,0,41.97,,S
450,1,3,"Passenger, Traveler 450",female,23.4,1,1,6.53,C85,S
451,0,3,"Passenger, Traveler 451",male,,0,0,7.17,,S
452,1,1,"Passenger, Traveler 452",female,8.9,0,0,123.33,,S
453,0,1,"Passenger, Traveler 453",male,40.3,0,4,30.36,,C
454,1,3,"Passenger, Traveler 454",female,,0,0,4.78,,S
455,1,3,"Passenger, Traveler 455",female,33.0,4,0,17.86,,S
456,0,3,"Passenger, Traveler 456",male,46.8,0,4,19.5,,C
457,0,1,"Passenger, Traveler 457",male,29.1,0,0,35.81,,Q
458,1,3,"Passenger, Traveler 458",female,,0,1,4.94,C51,Q
459,0,2,"Passenger, Traveler 459",male,26.8,0,2,39.86,,S
460,0,2,"Passenger, Traveler 460",female,34.7,0,0,22.15,C40,S
461,0,3,"Passenger, Traveler 461",female,27.6,0,0,6.26,,S
462,0,2,"Passenger, Traveler 462",male,16.3,0,0,35.21,C42,C
463,0,3,"Passenger, Traveler 463",male,10.2,1,0,22.45,,Q
464,0,3,"Passenger, Traveler 464",male,38.0,0,0,11.76,,C
465,1,3,"Passenger, Traveler 465",female,49.2,0,1,7.91,,C
466,0,2,"Passenger, Traveler 466",male,33.2,0,0,19.96,,S
467,0,2,"Passenger, Traveler 467",female,37.2,8,0,35.69,,S
468,0,2,"Passenger, Traveler 468",female,7.2,0,0,26.99,C52,S
469,0,2,"Passenger, Traveler 469",male,35.3,0,0,23.34,,C
470,0,3,"Passenger, Traveler 470",male,0.4,4,1,17.62,,S
471,0,2,"Passenger, Traveler 471",male,12.4,0,0,20.08,C102,S
472,1,1,"Passenger, Traveler 472",female,,0,1,71.41,,S
473,0,1,"Passenger, Traveler 473",male,29.9,0,0,42.44,,S
474,1,2,"Passenger, Traveler 474",male,,2,0,379.19,,C
475,0,3,"Passenger, Traveler 475",female,,5,0,8.44,,S
476,0,3,"Passenger, Traveler 476",male,41.3,1,0,27.6,,C
477,0,3,"Passenger, Traveler 477",male,25.8,0,0,12.37,C111,S
478,0,3,"Passenger, Traveler 478",male,33.9,0,0,6.45,,S
479,0,3,"Passenger, Traveler 479",male,28.7,0,2,5.31,,S
480,0,2,"Passenger, Traveler 480",male,7.5,1,0,25.35,C76,Q
481,1,1,"Passenger, Traveler 481",male,24.6,2,2,44.02,,S
482,1,3,"Passenger, Traveler 482",female,35.7,0,0,8.07,,S
483,0,2,"Passenger, Traveler 483",male,,0,0,15.09,,S
484,1,1,"Passenger, Traveler 484",female,24.2,0,0,85.92,,S
485,0,3,"Passenger, Traveler 485",male,41.0,0,0,5.57,,S
486,0,2,"Passenger, Traveler 486",male,32.0,0,1,30.49,C47,S
487,0,3,"Passenger, Traveler 487",male,34.8,0,0,4.64,,Q
488,0,3,"Passenger, Traveler 488",male,6.1,0,0,25.28,,C
489,1,1,"Passenger, Traveler 489",male,,0,0,60.15,,S
490,0,1,"Passenger, Traveler 490",male,,1,0,36.01,,S
491,0,3,"Passenger, Traveler 491",male,29.3,1,1,8.96,,C
492,0,2,"Passenger, Traveler 492",male,14.3,4,0,23.02,,C
493,1,2,"Passenger, Traveler 493",male,43.2,1,0,18.32,,S
494,0,3,"Passenger, Traveler 494",male,56.2,0,0,10.92,,S
495,0,3,"Passenger, Traveler 495",male,27.6,0,2,16.93,,C
496,1,1,"Passenger, Traveler 496",female,27.4,8,0,128.66,,C
497,0,2,"Passenger, Traveler 497",male,44.6,0,0,20.46,,S
498,0,3,"Passenger, Traveler 498",male,38.0,1,0,18.3,,S
499,1,2,"Passenger, Traveler 499",female,28.7,1,2,61.1,,S
500,0,1,"Passenger, Traveler 500",male,,1,0,64.12,,S
501,0,2,"Passenger, Traveler 501",male,59.1,0,0,15.69,,S
502,1,1,"Passenger, Traveler 502",male,,0,0,72.04,C50,S
503,1,3,"Passenger, Traveler 503",female,21.2,0,0,8.73,,S
504,1,3,"Passenger, Traveler 504",male,,1,0,12.61,,S
505,1,1,"Passenger, Traveler 505",female,60.3,1,0,126.06,,S
506,1,2,"Passenger, Traveler 506",female,,0,0,31.49,,S
507,0,2,"Passenger, Traveler 507",male,4.9,0,0,12.46,,S
508,0,3,"Passenger, Traveler 508",male,,1,0,22.03,,S
509,0,2,"Passenger, Traveler 509",male,,1,1,29.62,,S
510,0,2,"Passenger, Traveler 510",male,,0,2,16.87,,S
511,0,3,"Passenger, Traveler 511",male,,0,2,4.19,,S
512,1,1,"Passenger, Traveler 512",female,,2,0,78.23,,S
513,0,3,"Passenger, Traveler 513",male,,0,0,27.16,,S
514,0,1,"Passenger, Traveler 514",male,53.7,1,1,302.61,,S
515,1,2,"Passenger, Traveler 515",female,9.8,0,0,31.45,,C
516,0,3,"Passenger, Traveler 516",female,,0,0,9.68,,S
517,1,1,"Passenger, Traveler 517",female,8.5,1,2,114.25,,C
518,0,1,"Passenger, Traveler 518",male,33.9,0,0,45.85,C72,S
519,1,2,"Passenger, Traveler 519",male,32.9,0,0,27.26,,C
520,0,3,"Passenger, Traveler 520",male,,0,0,15.08,,S
521,0,2,"Passenger, Traveler 521",female,48.4,1,0,23.12,,S
522,0,3,"Passenger, Traveler 522",male,,0,0,17.94,,S
523,1,3,"Passenger, Traveler 523",female,,0,2,5.66,,Q
524,0,3,"Passenger, Traveler 524",male,49.6,2,0,9.04,,S
525,0,3,"Passenger, Traveler 525",female,34.1,0,0,14.67,,C
526,1,2,"Passenger, Traveler 526",female,42.7,0,1,67.7,,S
527,1,1,"Passenger, Traveler 527",female,27.1,0,0,75.41,,S
528,0,2,"Passenger, Traveler 528",male,7.4,8,0,36.93,,C
529,1,1,"Passenger, Traveler 529",male,33.1,0,0,170.07,C49,Q
530,1,1,"Passenger, Traveler 530",male,6.9,0,1,73.05,,C
531,1,1,"Passenger, Traveler 531",male,29.5,0,0,171.66,C39,S
532,1,3,"Passenger, Traveler 532",male,11.8,1,0,24.01,C56,S
533,1,3,"Passenger, Traveler 533",female,43.8,1,0,23.47,C31,S
534,0,1,"Passenger, Traveler 534",male,35.2,0,0,45.89,,S
535,1,1,"Passenger, Traveler 535",female,39.5,0,0,95.14,,S
536,1,1,"Passenger, Traveler 536",male,34.6,1,0,71.72,,S
537,0,2,"Passenger, Traveler 537",male,,0,0,49.8,,C
538,1,1,"Passenger, Traveler 538",male,44.5,2,0,99.52,,S
539,1,3,"Passenger, Traveler 539",female,,0,0,14.32,,S
540,0,1,"Passenger, Traveler 540",male,16.6,1,0,33.33,,S
541,1,1,"Passenger, Traveler 541",female,21.8,0,0,75.64,,C
542,0,1,"Passenger, Traveler 542",male,0.4,1,2,42.72,,S
543,1,3,"Passenger, Traveler 543",female,,0,1,6.29,,S
544,0,3,"Passenger, Traveler 544",male,,0,2,4.12,,Q
545,0,3,"Passenger, Traveler 545",male,36.0,0,0,8.31,,S
546,1,2,"Passenger, Traveler 546",female,,0,0,30.2,C111,C
547,1,1,"Passenger, Traveler 547",female,40.4,0,0,91.27,,C
548,0,1,"Passenger, Traveler 548",male,39.4,0,0,136.14,C105,S
549,1,2,"Passenger, Traveler 549",female,22.8,1,0,41.52,,Q
550,0,3,"Passenger, Traveler 550",male,15.8,0,0,22.3,C64,C
551,1,2,"Passenger, Traveler 551",female,30.7,1,0,44.01,,S
552,1,2,"Passenger, Traveler 552",male,31.1,0,0,16.47,C52,S
553,0,3,"Passenger, Traveler 553",male,20.9,0,0,6.15,,S
554,0,1,"Passenger, Traveler 554",male,,0,0,196.5,,C
555,1,3,"Passenger, Traveler 555",female,9.1,4,0,11.97,,S
556,0,2,"Passenger, Traveler 556",female,39.5,1,0,11.78,,C
557,1,1,"Passenger, Traveler 557",male,,0,3,39.68,,S
558,0,2,"Passenger, Traveler 558",female,30.4,1,0,44.42,,C
559,0,3,"Passenger, Traveler 559",male,40.8,0,0,26.95,,S
560,1,2,"Passenger, Traveler 560",female,,0,2,10.58,C70,S
561,0,2,"Passenger, Traveler 561",male,,0,0,65.99,,S
562,1,1,"Passenger, Traveler 562",male,10.9,0,0,78.94,,C
563,0,3,"Passenger, Traveler 563",male,32.6,0,0,26.31,,S
564,0,3,"Passenger, Traveler 564",male,42.8,1,0,24.31,,C
565,0,2,"Passenger, Traveler 565",male,51.3,0,0,12.27,,S
566,1,2,"Passenger, Traveler 566",female,41.2,1,0,10.98,C83,S
567,0,3,"Passenger, Traveler 567",male,14.6,0,0,9.16,,C
568,0,3,"Passenger, Traveler 568",female,5.7,0,1,41.15,,S
569,1,3,"Passenger, Traveler 569",female,27.2,1,0,13.36,,C
570,0,2,"Passenger, Traveler 570",male,34.9,1,0,38.77,,S
571,0,1,"Passenger, Traveler 571",male,43.4,1,0,50.93,,Q
572,0,3,"Passenger, Traveler 572",female,13.8,0,0,11.59,,S
573,1,3,"Passenger, Traveler 573",female,38.6,1,1,9.6,,S
574,0,3,"Passenger, Traveler 574",female,0.4,1,0,16.14,C41,C
575,1,1,"Passenger, Traveler 575",female,19.0,0,1,34.89,,C
576,0,3,"Passenger, Traveler 576",male,42.2,0,0,11.08,,S
577,0,3,"Passenger, Traveler 577",female,,0,1,10.56,,Q
578,0,3,"Passenger, Traveler 578",male,,0,0,8.16,,S
579,0,1,"Passenger, Traveler 579",male,22.1,0,0,112.04,,Q
580,0,3,"Passenger, Traveler 580",female,32.3,8,0,32.01,,S
581,1,3,"Passenger, Traveler 581",female,13.5,0,1,7.8,,S
582,0,3,"Passenger, Traveler 582",female,29.2,1,0,20.13,,S
583,0,3,"Passenger, Traveler 583",male,23.4,1,3,16.56,C116,Q
584,1,3,"Passenger, Traveler 584",female,,0,0,19.65,,S
585,0,3,"Passenger, Traveler 585",female,22.7,0,0,31.61,,Q
586,0,1,"Passenger, Traveler 586",male,,0,0,78.16,,C
587,0,3,"Passenger, Traveler 587",male,32.1,1,0,26.82,,S
588,0,3,"Passenger, Traveler 588",male,23.6,8,2,5.84,,S
589,0,1,"Passenger, Traveler 589",male,40.9,0,0,30.26,,S
590,0,1,"Passenger, Traveler 590",male,,1,0,74.06,,S
591,1,1,"Passenger, Traveler 591",male,22.6,0,0,44.69,,S
592,0,3,"Passenger, Traveler 592",female,34.0,1,0,17.5,,Q
593,0,2,"Passenger, Traveler 593",male,16.3,0,0,53.84,,S
594,0,3,"Passenger, Traveler 594",male,,0,0,21.79,,Q
595,1,3,"Passenger, Traveler 595",male,33.1,0,0,7.75,,S
596,0,3,"Passenger, Traveler 596",male,24.4,0,0,15.44,,S
597,1,2,"Passenger, Traveler 597",female,34.5,0,0,44.78,,S
598,0,3,"Passenger, Traveler 598",male,38.3,1,0,17.43,C13,C
599,0,2,"Passenger, Traveler 599",male,47.5,0,0,48.6,,S
600,1,1,"Passenger, Traveler 600",female,35.5,0,0,143.02,,Q
601,0,3,"Passenger, Traveler 601",male,42.6,0,0,9.38,,S
602,1,3,"Passenger, Traveler 602",female,57.3,1,0,5.77,,Q
603,0,1,"Passenger, Traveler 603",male,14.7,1,0,108.69,,C
604,0,3,"Passenger, Traveler 604",male,46.7,1,0,4.81,,C
605,1,1,"Passenger, Traveler 605",female,17.0,0,5,75.13,,S
606,0,2,"Passenger, Traveler 606",male,19.4,0,0,13.47,,S
607,0,3,"Passenger, Traveler 607",male,29.5,1,0,4.21,,C
608,1,1,"Passenger, Traveler 608",male,20.3,0,0,146.74,C102,S
609,1,3,"Passenger, Traveler 609",male,17.9,0,0,10.12,C54,C
610,1,3,"Passenger, Traveler 610",female,28.8,0,2,17.38,,C
611,0,3,"Passenger, Traveler 611",female,24.9,0,2,5.72,,S
612,0,1,"Passenger, Traveler 612",male,20.1,1,0,168.69,C81,S
613,1,2,"Passenger, Traveler 613",male,15.9,0,0,23.42,,S
614,1,2,"Passenger, Traveler 614",female,,0,1,36.3,C29,S
615,0,3,"Passenger, Traveler 615",female,12.3,0,0,6.55,,C
616,1,1,"Passenger, Traveler 616",male,27.3,2,1,31.11,,C
617,1,2,"Passenger, Traveler 617",female,45.9,0,1,46.82,,S
618,0,3,"Passenger, Traveler 618",male,41.4,0,0,13.44,,C
619,0,3,"Passenger, Traveler 619",female,,0,3,4.85,,S
620,0,3,"Passenger, Traveler 620",female,20.7,0,4,14.15,,S
621,0,3,"Passenger, Traveler 621",male,29.4,0,2,10.48,,S
622,1,2,"Passenger, Traveler 622",male,13.4,0,0,29.78,,Q
623,0,2,"Passenger, Traveler 623",male,25.6,0,0,12.62,,Q
624,0,1,"Passenger, Traveler 624",male,25.3,0,0,69.82,,S
625,0,1,"Passenger, Traveler 625",male,26.7,1,0,86.1,,S
626,1,3,"Passenger, Traveler 626",female,18.3,0,0,6.5,,S
627,0,1,"Passenger, Traveler 627",male,,0,0,120.45,C80,C
628,0,3,"Passenger, Traveler 628",male,47.9,1,0,10.76,,S
629,0,1,"Passenger, Traveler 629",male,44.6,3,0,44.22,,S
630,0,2,"Passenger, Traveler 630",male,42.4,0,0,14.59,,C
631,0,3,"Passenger, Traveler 631",male,35.2,1,0,6.98,,S
632,0,2,"Passenger, Traveler 632",male,32.2,0,0,88.33,C74,S
633,0,3,"Passenger, Traveler 633",male,19.6,0,0,7.84,,S
634,1,3,"Passenger, Traveler 634",female,21.2,0,0,10.93,,C
635,1,3,"Passenger, Traveler 635",male,50.8,0,2,8.68,,Q
636,1,2,"Passenger, Traveler 636",female,54.1,1,0,26.65,,S
637,0,3,"Passenger, Traveler 637",male,27.0,0,0,10.68,,S
638,1,1,"Passenger, Traveler 638",female,,0,1,77.19,,S
639,0,3,"Passenger, Traveler 639",male,40.3,1,1,14.49,,S
640,1,1,"Passenger, Traveler 640",female,31.1,0,0,52.33,,S
641,0,1,"Passenger, Traveler 641",male,32.2,1,2,42.65,,S
642,1,3,"Passenger, Traveler 642",female,,1,2,4.99,,S
643,0,2,"Passenger, Traveler 643",male,16.1,0,0,20.66,,C
644,0,3,"Passenger, Traveler 644",female,24.3,4,0,6.53,,S
645,1,2,"Passenger, Traveler 645",female,27.8,0,0,88.3,,Q
646,1,3,"Passenger, Traveler 646",female,0.4,0,0,9.67,,S
647,0,3,"Passenger, Traveler 647",male,31.0,0,0,4.43,C69,S
648,0,2,"Passenger, Traveler 648",male,63.4,0,1,13.45,,S
649,1,3,"Passenger, Traveler 649",female,23.5,0,0,4.82,,S
650,0,3,"Passenger, Traveler 650",male,30.2,0,0,12.89,,Q
651,0,3,"Passenger, Traveler 651",male,17.5,0,0,6.07,C98,C
652,0,2,"Passenger, Traveler 652",male,13.8,0,0,20.03,,S
653,0,3,"Passenger, Traveler 653",male,25.2,1,0,8.62,,S
654,0,2,"Passenger, Traveler 654",female,38.8,1,0,31.35,C35,Q
655,1,1,"Passenger, Traveler 655",male,26.3,0,0,136.86,,S
656,0,1,"Passenger, Traveler 656",male,,0,1,98.78,,S
657,0,3,"Passenger, Traveler 657",male,36.9,0,0,16.78,,S
658,0,3,"Passenger, Traveler 658",male,32.6,0,0,9.68,C82,C
659,0,2,"Passenger, Traveler 659",female,33.7,0,0,16.63,,S
660,0,3,"Passenger, Traveler 660",male,47.0,1,0,14.84,C32,S
661,0,3,"Passenger, Traveler 661",male,45.1,0,0,9.29,,S
662,0,2,"Passenger, Traveler 662",male,,0,0,59.89,C49,S
663,0,3,"Passenger, Traveler 663",female,,3,0,38.17,,C
664,0,2,"Passenger, Traveler 664",male,42.1,1,0,57.88,,S
665,1,1,"Passenger, Traveler 665",male,53.6,0,0,81.35,,S
666,1,1,"Passenger, Traveler 666",male,6.0,0,0,48.13,,Q
667,0,3,"Passenger, Traveler 667",male,,2,2,10.6,,S
668,0,3,"Passenger, Traveler 668",male,21.8,0,0,27.93,,S
669,1,2,"Passenger, Traveler 669",female,29.3,0,1,97.96,,S
670,1,1,"Passenger, Traveler 670",male,46.3,0,0,108.31,,C
671,0,3,"Passenger, Traveler 671",male,9.5,0,0,5.02,C11,S
672,0,3,"Passenger, Traveler 672",male,33.3,1,0,27.3,,S
673,1,3,"Passenger, Traveler 673",female,21.5,0,1,9.89,,C
674,0,3,"Passenger, Traveler 674",male,46.8,0,0,4.77,,S
675,0,3,"Passenger, Traveler 675",male,,0,0,25.16,C35,C
676,0,3,"Passenger, Traveler 676",male,27.4,0,0,6.9,,C
677,0,3,"Passenger, Traveler 677",male,19.3,0,0,4.23,C87,S
678,1,2,"Passenger, Traveler 678",female,68.2,1,1,11.98,,C
679,0,3,"Passenger, Traveler 679",male,33.8,0,0,14.76,C71,S
680,0,2,"Passenger, Traveler 680",male,9.1,0,0,25.7,,C
681,0,2,"Passenger, Traveler 681",male,17.9,1,1,10.82,,C
682,0,1,"Passenger, Traveler 682",male,35.7,0,0,65.77,C53,S
683,0,3,"Passenger, Traveler 683",male,19.1,0,0,5.99,,S
684,0,3,"Passenger, Traveler 684",female,,1,1,17.67,C40,S
685,0,3,"Passenger, Traveler 685",male,44.0,0,0,5.26,,S
686,1,1,"Passenger, Traveler 686",male,42.7,0,0,165.01,,S
687,0,3,"Passenger, Traveler 687",male,21.4,0,0,6.19,,C
688,1,1,"Passenger, Traveler 688",female,46.7,4,0,87.74,,S
689,0,3,"Passenger, Traveler 689",female,19.4,0,0,24.65,,S
690,1,2,"Passenger, Traveler 690",female,,0,0,55.85,,C
691,0,3,"Passenger, Traveler 691",male,37.5,0,2,4.6,C35,S
692,0,3,"Passenger, Traveler 692",male,33.9,0,3,12.29,C92,C
693,1,3,"Passenger, Traveler 693",male,24.1,0,1,19.97,,S
694,0,3,"Passenger, Traveler 694",male,,0,0,5.42,,S
695,1,3,"Passenger, Traveler 695",male,0.4,0,2,4.75,,S
696,0,1,"Passenger, Traveler 696",male,25.4,0,0,110.4,,C
697,0,3,"Passenger, Traveler 697",male,29.5,0,0,17.71,,S
698,0,3,"Passenger, Traveler 698",male,3.2,0,0,12.96,,S
699,1,3,"Passenger, Traveler 699",female,41.6,0,0,11.78,,S
700,1,2,"Passenger, Traveler 700",male,27.4,0,0,10.22,,C
701,0,3,"Passenger, Traveler 701",female,47.3,1,1,8.04,,S
702,0,2,"Passenger, Traveler 702",male,,2,0,24.06,,C
703,0,2,"Passenger, Traveler 703",female,,0,0,23.39,,C
704,0,3,"Passenger, Traveler 704",male,23.2,0,0,27.19,,S
705,0,3,"Passenger, Traveler 705",male,29.0,0,2,12.69,,S
706,0,1,"Passenger, Traveler 706",female,32.8,0,0,137.06,,S
707,0,3,"Passenger, Traveler 707",male,29.1,0,0,10.3,,S
708,0,1,"Passenger, Traveler 708",male,34.1,0,0,159.62,,S
709,1,3,"Passenger, Traveler 709",female,1.8,1,0,9.42,,S
710,0,3,"Passenger, Traveler 710",male,27.7,0,3,23.91,,S
711,0,3,"Passenger, Traveler 711",female,28.5,0,0,6.96,,S
712,0,3,"Passenger, Traveler 712",female,0.9,1,0,12.46,,S
713,0,1,"Passenger, Traveler 713",male,,0,0,136.34,,S
714,1,1,"Passenger, Traveler 714",female,,0,1,41.25,,C
715,1,3,"Passenger, Traveler 715",female,43.4,0,0,10.65,,S
716,0,2,"Passenger, Traveler 716",male,30.9,0,0,15.62,,S
717,0,3,"Passenger, Traveler 717",male,,0,0,4.03,,S
718,0,3,"Passenger, Traveler 718",male,44.3,0,0,6.92,,S
719,0,1,"Passenger, Traveler 719",male,,0,2,39.09,,S
720,1,3,"Passenger, Traveler 720",female,30.3,0,2,4.98,,S
721,0,2,"Passenger, Traveler 721",male,49.6,1,2,41.33,C111,S
722,0,1,"Passenger, Traveler 722",male,,1,2,31.92,,C
723,0,2,"Passenger, Traveler 723",male,,0,1,54.1,,Q
724,1,3,"Passenger, Traveler 724",female,24.4,0,0,15.04,,S
725,0,2,"Passenger, Traveler 725",male,56.2,0,1,70.17,,C
726,0,2,"Passenger, Traveler 726",female,45.3,0,0,13.21,,S
727,0,2,"Passenger, Traveler 727",female,,0,0,110.92,,S
728,0,1,"Passenger, Traveler 728",male,0.4,1,0,85.35,,S
729,1,1,"Passenger, Traveler 729",male,36.2,1,3,144.08,,S
730,0,3,"Passenger, Traveler 730",male,11.8,1,0,4.57,,S
731,1,3,"Passenger, Traveler 731",female,34.8,1,1,16.62,,C
732,1,1,"Passenger, Traveler 732",female,48.2,4,0,60.1,C14,S
733,1,3,"Passenger, Traveler 733",male,39.7,0,0,5.51,,S
734,0,3,"Passenger, Traveler 734",male,,4,0,5.74,,S
735,0,1,"Passenger, Traveler 735",male,24.3,0,0,180.62,C79,S
736,1,1,"Passenger, Traveler 736",female,7.6,0,0,37.03,,S
737,0,3,"Passenger, Traveler 737",male,18.5,0,0,14.65,,S
738,1,3,"Passenger, Traveler 738",female,24.9,5,1,12.11,C44,S
739,0,1,"Passenger, Traveler 739",male,29.5,0,0,32.39,C25,S
740,0,2,"Passenger, Traveler 740",male,,0,0,17.33,,S
741,0,1,"Passenger, Traveler 741",male,40.3,0,0,132.04,,S
742,0,2,"Passenger, Traveler 742",male,61.9,0,0,24.53,,S
743,0,3,"Passenger, Traveler 743",male,15.2,0,0,15.7,,S
744,0,3,"Passenger, Traveler 744",male,46.6,1,0,5.39,,S
745,0,3,"Passenger, Traveler 745",female,42.4,4,0,6.12,C40,S
746,1,2,"Passenger, Traveler 746",male,28.0,1,0,56.08,,S
747,1,1,"Passenger, Traveler 747",male,15.8,0,0,142.42,,S
748,0,1,"Passenger, Traveler 748",male,20.8,0,1,103.92,,C
749,0,3,"Passenger, Traveler 749",male,20.1,0,0,9.42,,S
750,0,3,"Passenger, Traveler 750",male,54.5,0,0,9.05,,Q
751,1,1,"Passenger, Traveler 751",female,41.7,0,0,97.47,C91,S
752,0,2,"Passenger, Traveler 752",male,42.3,1,0,22.07,,C
753,0,3,"Passenger, Traveler 753",male,31.0,0,0,11.14,,C
754,0,3,"Passenger, Traveler 754",male,26.4,1,0,38.82,,C
755,1,2,"Passenger, Traveler 755",male,,2,0,483.81,C23,Q
756,0,2,"Passenger, Traveler 756",male,31.2,0,0,15.37,,S
757,1,1,"Passenger, Traveler 757",female,28.3,5,2,49.77,,S
758,1,3,"Passenger, Traveler 758",male,35.0,1,1,11.84,,S
759,0,3,"Passenger, Traveler 759",male,14.2,0,1,11.17,C34,S
760,1,3,"Passenger, Traveler 760",female,33.6,0,0,4.57,,C
761,0,3,"Passenger, Traveler 761",male,28.1,0,0,12.53,,S
762,0,3,"Passenger, Traveler 762",male,,0,0,27.08,C88,C
763,0,2,"Passenger, Traveler 763",male,39.0,0,0,19.7,C99,S
764,0,1,"Passenger, Traveler 764",male,55.7,0,0,63.14,C109,S
765,0,3,"Passenger, Traveler 765",male,48.2,0,0,5.74,,Q
766,1,1,"Passenger, Traveler 766",female,25.6,0,0,38.95,,S
767,0,3,"Passenger, Traveler 767",female,39.3,0,1,6.66,C84,S
768,0,3,"Passenger, Traveler 768",female,,0,0,7.8,,S
769,0,3,"Passenger, Traveler 769",male,31.4,0,0,12.66,,C
770,1,2,"Passenger, Traveler 770",female,29.4,0,0,80.45,,S
771,0,1,"Passenger, Traveler 771",male,,0,0,149.4,,C
772,0,2,"Passenger, Traveler 772",male,66.1,1,0,44.43,,S
773,1,3,"Passenger, Traveler 773",male,33.4,0,0,7.38,C110,S
774,0,2,"Passenger, Traveler 774",male,11.3,0,0,18.23,,S
775,1,1,"Passenger, Traveler 775",female,14.5,0,0,33.3,,S
776,0,2,"Passenger, Traveler 776",male,27.2,0,0,10.44,,S
777,0,3,"Passenger, Traveler 777",female,11.6,0,0,4.02,C114,S
778,0,3,"Passenger, Traveler 778",female,27.8,0,0,21.53,,S
779,1,3,"Passenger, Traveler 779",female,62.0,1,0,61.48,,S
780,0,3,"Passenger, Traveler 780",male,,1,0,16.99,,S
781,0,3,"Passenger, Traveler 781",male,13.9,0,1,4.15,,S
782,1,1,"Passenger, Traveler 782",female,26.7,1,0,189.57,,S
783,0,2,"Passenger, Traveler 783",male,28.2,0,0,50.22,,S
784,0,3,"Passenger, Traveler 784",female,15.4,3,2,20.53,C110,S
785,1,3,"Passenger, Traveler 785",male,11.7,0,1,12.37,,C
786,0,2,"Passenger, Traveler 786",male,49.4,0,4,17.49,,S
787,0,1,"Passenger, Traveler 787",male,37.0,0,0,31.06,,C
788,0,3,"Passenger, Traveler 788",female,,0,0,4.21,,S
789,1,1,"Passenger, Traveler 789",male,12.9,1,0,92.73,,S
790,0,3,"Passenger, Traveler 790",male,,0,0,4.22,C80,S
791,0,2,"Passenger, Traveler 791",male,,0,4,32.81,,S
792,0,1,"Passenger, Traveler 792",male,21.3,0,0,85.49,,S
793,0,2,"Passenger, Traveler 793",male,59.7,0,1,41.75,,S
794,0,3,"Passenger, Traveler 794",male,33.2,0,0,5.68,C27,C
795,0,3,"Passenger, Traveler 795",male,20.7,8,0,11.77,,S
796,0,2,"Passenger, Traveler 796",male,39.6,1,2,30.99,,S
797,0,3,"Passenger, Traveler 797",male,16.2,0,0,18.56,,S
798,1,1,"Passenger, Traveler 798",male,23.8,0,4,143.97,,S
799,1,1,"Passenger, Traveler 799",male,2.8,0,1,266.72,,S
800,0,3,"Passenger, Traveler 800",male,48.2,1,0,22.88,,S
801,0,1,"Passenger, Traveler 801",male,26.8,2,0,118.79,,S
802,0,3,"Passenger, Traveler 802",male,17.8,0,2,29.46,C59,S
803,0,3,"Passenger, Traveler 803",male,,1,0,28.84,C29,S
804,0,3,"Passenger, Traveler 804",male,14.5,0,0,29.32,,S
805,0,3,"Passenger, Traveler 805",male,,0,0,4.81,C65,S
806,0,3,"Passenger, Traveler 806",male,,2,0,5.29,,S
807,1,1,"Passenger, Traveler 807",male,12.3,0,0,139.06,C11,S
808,0,2,"Passenger, Traveler 808",female,20.2,0,0,84.31,,S
809,0,2,"Passenger, Traveler 809",male,26.8,0,0,70.88,,C
810,0,3,"Passenger, Traveler 810",male,,0,0,18.68,,S
811,0,2,"Passenger, Traveler 811",male,,0,1,20.95,,S
812,0,3,"Passenger, Traveler 812",male,26.2,2,0,16.99,,Q
813,0,3,"Passenger, Traveler 813",male,,0,1,22.16,,S
814,1,3,"Passenger, Traveler 814",female,,1,0,19.34,,S
815,0,3,"Passenger, Traveler 815",male,22.5,0,2,7.2,,S
816,1,3,"Passenger, Traveler 816",female,,0,0,9.14,,C
817,0,2,"Passenger, Traveler 817",male,,4,0,31.93,,S
818,0,3,"Passenger, Traveler 818",female,9.5,0,1,10.76,,S
819,0,2,"Passenger, Traveler 819",female,21.9,0,0,14.04,,S
820,0,1,"Passenger, Traveler 820",male,,0,0,30.95,,S
821,0,3,"Passenger, Traveler 821",male,41.5,0,4,11.15,,S
822,1,3,"Passenger, Traveler 822",male,35.7,0,0,11.59,C35,S
823,1,3,"Passenger, Traveler 823",female,0.4,1,2,21.14,,C
824,0,3,"Passenger, Traveler 824",male,18.4,8,0,11.28,,C
825,0,3,"Passenger, Traveler 825",male,36.5,0,0,6.62,C32,S
826,1,1,"Passenger, Traveler 826",male,54.5,1,0,90.25,C41,S
827,0,3,"Passenger, Traveler 827",male,29.5,1,0,19.96,,S
828,0,3,"Passenger, Traveler 828",female,31.1,1,0,7.85,,S
829,0,3,"Passenger, Traveler 829",female,,0,0,14.36,C22,S
830,1,2,"Passenger, Traveler 830",male,10.8,0,0,39.6,C22,S
831,0,1,"Passenger, Traveler 831",male,34.8,0,0,176.21,,S
832,1,3,"Passenger, Traveler 832",male,7.6,0,0,27.99,,S
833,0,2,"Passenger, Traveler 833",female,28.5,0,1,16.38,,C
834,1,3,"Passenger, Traveler 834",female,31.0,0,0,12.56,,S
835,0,2,"Passenger, Traveler 835",male,30.4,0,1,37.67,C26,C
836,0,2,"Passenger, Traveler 836",male,10.9,0,2,11.52,,C
837,0,3,"Passenger, Traveler 837",female,19.4,0,0,35.83,,S
838,0,2,"Passenger, Traveler 838",male,39.7,0,4,35.18,,S
839,0,3,"Passenger, Traveler 839",male,30.8,1,0,12.25,C98,S
840,1,1,"Passenger, Traveler 840",male,,0,0,157.46,,C
841,0,2,"Passenger, Traveler 841",male,14.2,1,0,13.92,,S
842,0,2,"Passenger, Traveler 842",male,41.3,3,0,27.69,,C
843,1,3,"Passenger, Traveler 843",female,30.2,1,2,19.64,,S
844,0,2,"Passenger, Traveler 844",male,13.3,1,0,28.87,,S
845,0,3,"Passenger, Traveler 845",male,27.0,2,0,26.29,,Q
846,0,3,"Passenger, Traveler 846",male,18.0,0,0,4.53,,S
847,1,3,"Passenger, Traveler 847",female,34.1,8,0,11.49,,Q
848,0,3,"Passenger, Traveler 848",male,47.9,1,0,5.14,C67,S
849,0,2,"Passenger, Traveler 849",male,14.0,1,0,59.59,,S
850,0,2,"Passenger, Traveler 850",male,32.0,0,2,10.22,,S
851,0,3,"Passenger, Traveler 851",female,,0,1,10.87,,Q
852,0,1,"Passenger, Traveler 852",male,0.4,0,0,35.16,,C
853,0,3,"Passenger, Traveler 853",male,41.8,0,0,4.67,,C
854,0,3,"Passenger, Traveler 854",male,60.1,1,0,9.39,,S
855,0,2,"Passenger, Traveler 855",male,31.7,0,0,44.74,,S
856,0,3,"Passenger, Traveler 856",female,49.4,0,0,5.43,C95,S
857,0,3,"Passenger, Traveler 857",male,11.5,0,0,7.94,,S
858,0,2,"Passenger, Traveler 858",male,19.3,0,0,21.85,,C
859,0,3,"Passenger, Traveler 859",male,30.7,0,2,14.54,C36,C
860,0,1,"Passenger, Traveler 860",male,,0,1,237.92,,S
861,0,3,"Passenger, Traveler 861",male,30.3,0,0,486.02,,C
862,1,3,"Passenger, Traveler 862",female,44.2,0,0,40.74,,C
863,0,3,"Passenger, Traveler 863",male,,0,0,22.68,,Q
864,0,3,"Passenger, Traveler 864",male,44.9,3,0,23.32,,S
865,1,3,"Passenger, Traveler 865",female,1.8,1,0,12.61,,C
866,0,3,"Passenger, Traveler 866",male,,1,0,11.3,,S
867,0,3,"Passenger, Traveler 867",male,26.8,0,1,9.21,,S
868,1,3,"Passenger, Traveler 868",female,16.3,0,5,21.04,,S
869,0,3,"Passenger, Traveler 869",female,21.7,0,0,6.01,C26,S
870,0,3,"Passenger, Traveler 870",male,,5,0,4.58,,S
871,0,3,"Passenger, Traveler 871",female,47.7,1,0,33.54,,S
872,0,3,"Passenger, Traveler 872",male,40.1,0,2,4.04,C99,C
873,0,3,"Passenger, Traveler 873",male,,1,2,41.65,,S
874,0,1,"Passenger, Traveler 874",male,20.7,0,0,96.28,,S
875,1,3,"Passenger, Traveler 875",female,12.0,0,0,7.98,,S
876,0,3,"Passenger, Traveler 876",male,18.0,1,0,15.97,C47,S
877,0,3,"Passenger, Traveler 877",male,20.1,0,0,21.03,,S
878,1,1,"Passenger, Traveler 878",female,20.9,0,0,35.09,C23,S
879,0,3,"Passenger, Traveler 879",male,37.4,1,0,18.74,,C
880,0,1,"Passenger, Traveler 880",male,,0,1,119.65,,C
881,1,2,"Passenger, Traveler 881",male,,0,0,15.37,,S
882,0,3,"Passenger, Traveler 882",male,28.0,2,1,4.43,,S
883,0,3,"Passenger, Traveler 883",male,45.6,0,0,6.28,,S
884,1,2,"Passenger, Traveler 884",male,11.0,0,1,31.72,C23,S
885,0,3,"Passenger, Traveler 885",male,41.2,0,0,4.67,,S
886,0,2,"Passenger, Traveler 886",male,0.4,0,0,17.77,,S
887,1,1,"Passenger, Traveler 887",male,,0,0,55.12,C21,S
888,0,1,"Passenger, Traveler 888",male,51.6,0,1,45.97,,C
889,0,3,"Passenger, Traveler 889",male,34.1,0,2,6.91,C78,S
890,0,1,"Passenger, Traveler 890",male,,0,0,93.26,,S
891,0,1,"Passenger, Traveler 891",male,43.0,1,0,51.14,,S
